[10-Nov-2025 22:03:48 Asia/Manila] Database error: You have an error in your SQL syntax; check the manual that corresponds to your MySQL server version for the right syntax to use near 'current_time' at line 1
[10-Nov-2025 22:08:36 Asia/Manila] Database error: You have an error in your SQL syntax; check the manual that corresponds to your MySQL server version for the right syntax to use near 'current_time' at line 1
[10-Nov-2025 22:13:10 Asia/Manila] Database error: You have an error in your SQL syntax; check the manual that corresponds to your MySQL server version for the right syntax to use near 'current_time' at line 1
[10-Nov-2025 22:13:14 Asia/Manila] Database error: You have an error in your SQL syntax; check the manual that corresponds to your MySQL server version for the right syntax to use near 'current_time' at line 1
[10-Nov-2025 22:13:46 Asia/Manila] Database error: You have an error in your SQL syntax; check the manual that corresponds to your MySQL server version for the right syntax to use near 'current_time' at line 1
[15-Nov-2025 02:01:13 Asia/Manila] Binding params with types: ssssss | Params: ["Test Branch 1763143273","Test Address","Test City","555-1234","test@example.com",null]
[15-Nov-2025 02:02:48 Asia/Manila] === DEBUG BRANCH ADD START ===
[15-Nov-2025 02:02:48 Asia/Manila] Connection status: Connected
[15-Nov-2025 02:02:48 Asia/Manila] execute_query exists: Yes
[15-Nov-2025 02:02:48 Asia/Manila] get_single_result exists: Yes
[15-Nov-2025 02:02:48 Asia/Manila] Error log path: C:\wamp64\www\BookIT/logs/php_errors.log
[15-Nov-2025 02:02:48 Asia/Manila] Binding params with types: ssssss | Params: ["Debug Test 2025-11-15 02:02:48","Test Address","Test City","555-1234","test@example.com",null]
[15-Nov-2025 02:02:48 Asia/Manila] addBranch result: Branch added successfully!
[15-Nov-2025 02:02:48 Asia/Manila] Branch count after add: 1
[15-Nov-2025 02:02:48 Asia/Manila] === DEBUG BRANCH ADD END ===
[15-Nov-2025 11:46:34 Asia/Manila] PHP Fatal error:  Cannot redeclare execute_query() (previously declared in C:\wamp64\www\BookIT\config\db.php:139) in C:\wamp64\www\BookIT\includes\functions.php on line 969
[15-Nov-2025 11:46:34 Asia/Manila] PHP Stack trace:
[15-Nov-2025 11:46:34 Asia/Manila] PHP   1. {main}() C:\wamp64\www\BookIT\public\login.php:0
[15-Nov-2025 14:31:04 Asia/Manila] PHP Fatal error:  Cannot redeclare isLoggedIn() (previously declared in C:\wamp64\www\BookIT\includes\auth.php:59) in C:\wamp64\www\BookIT\includes\functions.php on line 586
[15-Nov-2025 14:31:04 Asia/Manila] PHP Stack trace:
[15-Nov-2025 14:31:04 Asia/Manila] PHP   1. {main}() C:\wamp64\www\BookIT\public\register.php:0
[15-Nov-2025 14:31:48 Asia/Manila] PHP Fatal error:  Cannot redeclare isLoggedIn() (previously declared in C:\wamp64\www\BookIT\includes\auth.php:59) in C:\wamp64\www\BookIT\includes\functions.php on line 586
[15-Nov-2025 14:31:48 Asia/Manila] PHP Stack trace:
[15-Nov-2025 14:31:48 Asia/Manila] PHP   1. {main}() C:\wamp64\www\BookIT\public\register.php:0
[15-Nov-2025 14:32:26 Asia/Manila] PHP Fatal error:  Cannot redeclare isLoggedIn() (previously declared in C:\wamp64\www\BookIT\includes\auth.php:59) in C:\wamp64\www\BookIT\includes\functions.php on line 586
[15-Nov-2025 14:32:26 Asia/Manila] PHP Stack trace:
[15-Nov-2025 14:32:26 Asia/Manila] PHP   1. {main}() C:\wamp64\www\BookIT\public\register.php:0
[15-Nov-2025 14:32:39 Asia/Manila] PHP Fatal error:  Cannot redeclare isLoggedIn() (previously declared in C:\wamp64\www\BookIT\includes\auth.php:59) in C:\wamp64\www\BookIT\includes\functions.php on line 586
[15-Nov-2025 14:32:39 Asia/Manila] PHP Stack trace:
[15-Nov-2025 14:32:39 Asia/Manila] PHP   1. {main}() C:\wamp64\www\BookIT\public\register.php:0
[15-Nov-2025 14:36:47 Asia/Manila] PHP Fatal error:  Cannot redeclare isLoggedIn() (previously declared in C:\wamp64\www\BookIT\includes\auth.php:59) in C:\wamp64\www\BookIT\includes\functions.php on line 586
[15-Nov-2025 14:36:47 Asia/Manila] PHP Stack trace:
[15-Nov-2025 14:36:47 Asia/Manila] PHP   1. {main}() C:\wamp64\www\BookIT\public\register.php:0
[15-Nov-2025 14:39:46 Asia/Manila] PHP Fatal error:  Cannot redeclare isLoggedIn() (previously declared in C:\wamp64\www\BookIT\includes\auth.php:59) in C:\wamp64\www\BookIT\includes\functions.php on line 586
[15-Nov-2025 14:39:46 Asia/Manila] PHP Stack trace:
[15-Nov-2025 14:39:46 Asia/Manila] PHP   1. {main}() C:\wamp64\www\BookIT\public\register.php:0
[15-Nov-2025 15:47:35 Asia/Manila] === addBranch() called ===
[15-Nov-2025 15:47:35 Asia/Manila]   branch_name: caloocan city
[15-Nov-2025 15:47:35 Asia/Manila]   address: caloocan city
[15-Nov-2025 15:47:35 Asia/Manila]   city: caloocan city
[15-Nov-2025 15:47:35 Asia/Manila]   contact_number: 
[15-Nov-2025 15:47:35 Asia/Manila]   email: paullexxusantonio@gmail.com
[15-Nov-2025 15:47:35 Asia/Manila]   host_id: NULL
[15-Nov-2025 15:47:35 Asia/Manila]   SQL: INSERT INTO branches (branch_name, address, city, contact_number, email, host_id, is_active) 
                VALUES (?, ?, ?, ?, ?, ?, 1)
[15-Nov-2025 15:47:35 Asia/Manila]   Params count: 6
[15-Nov-2025 15:47:35 Asia/Manila]   Params: ["caloocan city","caloocan city","caloocan city","","paullexxusantonio@gmail.com",null]
[15-Nov-2025 15:47:35 Asia/Manila]   execute_query() returned: TRUE
[15-Nov-2025 15:47:35 Asia/Manila]   SUCCESS: Branch added!
[15-Nov-2025 15:47:57 Asia/Manila] PHP Fatal error:  Uncaught Error: mysqli object is already closed in C:\wamp64\www\BookIT\config\db.php:209
Stack trace:
#0 C:\wamp64\www\BookIT\config\db.php(209): mysqli->close()
#1 [internal function]: close_connection()
#2 {main}
  thrown in C:\wamp64\www\BookIT\config\db.php on line 209
[15-Nov-2025 15:47:59 Asia/Manila] PHP Fatal error:  Uncaught Error: mysqli object is already closed in C:\wamp64\www\BookIT\config\db.php:209
Stack trace:
#0 C:\wamp64\www\BookIT\config\db.php(209): mysqli->close()
#1 [internal function]: close_connection()
#2 {main}
  thrown in C:\wamp64\www\BookIT\config\db.php on line 209
[15-Nov-2025 15:48:11 Asia/Manila] PHP Fatal error:  Cannot redeclare isLoggedIn() (previously declared in C:\wamp64\www\BookIT\includes\auth.php:59) in C:\wamp64\www\BookIT\includes\functions.php on line 586
[15-Nov-2025 15:48:11 Asia/Manila] PHP Stack trace:
[15-Nov-2025 15:48:11 Asia/Manila] PHP   1. {main}() C:\wamp64\www\BookIT\public\register.php:0
[15-Nov-2025 15:53:50 Asia/Manila] PHP Fatal error:  Uncaught Error: Call to undefined function isLoggedIn() in C:\wamp64\www\BookIT\public\index.php:59
Stack trace:
#0 {main}
  thrown in C:\wamp64\www\BookIT\public\index.php on line 59
[15-Nov-2025 15:54:48 Asia/Manila] PHP Notice:  session_start(): Ignoring session_start() because a session is already active (started from C:\wamp64\www\BookIT\includes\public_session.php on line 5) in C:\wamp64\www\BookIT\includes\auth.php on line 4
[15-Nov-2025 15:54:48 Asia/Manila] PHP Stack trace:
[15-Nov-2025 15:54:48 Asia/Manila] PHP   1. {main}() C:\wamp64\www\BookIT\public\index.php:0
[15-Nov-2025 15:54:48 Asia/Manila] PHP   2. include() C:\wamp64\www\BookIT\public\index.php:6
[15-Nov-2025 15:54:48 Asia/Manila] PHP   3. session_start() C:\wamp64\www\BookIT\includes\auth.php:4
[15-Nov-2025 16:05:31 Asia/Manila] PHP Warning:  include_once(../config/db.php): Failed to open stream: No such file or directory in C:\wamp64\www\BookIT\includes\functions.php on line 5
[15-Nov-2025 16:05:31 Asia/Manila] PHP Stack trace:
[15-Nov-2025 16:05:31 Asia/Manila] PHP   1. {main}() C:\wamp64\www\BookIT\verify_data.php:0
[15-Nov-2025 16:05:31 Asia/Manila] PHP   2. include() C:\wamp64\www\BookIT\verify_data.php:9
[15-Nov-2025 16:05:31 Asia/Manila] PHP Warning:  include_once(): Failed opening '../config/db.php' for inclusion (include_path='.;C:\php\pear') in C:\wamp64\www\BookIT\includes\functions.php on line 5
[15-Nov-2025 16:05:31 Asia/Manila] PHP Stack trace:
[15-Nov-2025 16:05:31 Asia/Manila] PHP   1. {main}() C:\wamp64\www\BookIT\verify_data.php:0
[15-Nov-2025 16:05:31 Asia/Manila] PHP   2. include() C:\wamp64\www\BookIT\verify_data.php:9
[15-Nov-2025 16:05:31 Asia/Manila] PHP Deprecated:  number_format(): Passing null to parameter #1 ($num) of type float is deprecated in C:\wamp64\www\BookIT\verify_data.php on line 197
[15-Nov-2025 16:05:31 Asia/Manila] PHP Stack trace:
[15-Nov-2025 16:05:31 Asia/Manila] PHP   1. {main}() C:\wamp64\www\BookIT\verify_data.php:0
[15-Nov-2025 16:05:32 Asia/Manila] PHP   2. number_format($num = NULL, $decimals = 0) C:\wamp64\www\BookIT\verify_data.php:197
[15-Nov-2025 16:05:32 Asia/Manila] PHP Deprecated:  number_format(): Passing null to parameter #1 ($num) of type float is deprecated in C:\wamp64\www\BookIT\verify_data.php on line 198
[15-Nov-2025 16:05:32 Asia/Manila] PHP Stack trace:
[15-Nov-2025 16:05:32 Asia/Manila] PHP   1. {main}() C:\wamp64\www\BookIT\verify_data.php:0
[15-Nov-2025 16:05:32 Asia/Manila] PHP   2. number_format($num = NULL, $decimals = 0) C:\wamp64\www\BookIT\verify_data.php:198
[15-Nov-2025 16:05:32 Asia/Manila] PHP Deprecated:  number_format(): Passing null to parameter #1 ($num) of type float is deprecated in C:\wamp64\www\BookIT\verify_data.php on line 236
[15-Nov-2025 16:05:32 Asia/Manila] PHP Stack trace:
[15-Nov-2025 16:05:32 Asia/Manila] PHP   1. {main}() C:\wamp64\www\BookIT\verify_data.php:0
[15-Nov-2025 16:05:32 Asia/Manila] PHP   2. number_format($num = NULL, $decimals = 0) C:\wamp64\www\BookIT\verify_data.php:236
[15-Nov-2025 16:05:32 Asia/Manila] PHP Fatal error:  Uncaught Error: mysqli object is already closed in C:\wamp64\www\BookIT\config\db.php:209
Stack trace:
#0 C:\wamp64\www\BookIT\config\db.php(209): mysqli->close()
#1 [internal function]: close_connection()
#2 {main}
  thrown in C:\wamp64\www\BookIT\config\db.php on line 209
[15-Nov-2025 16:07:18 Asia/Manila] PHP Fatal error:  Uncaught mysqli_sql_exception: Table 'condo_rental_reservation_db.user_bank_accounts' doesn't exist in C:\wamp64\www\BookIT\host\profile.php:19
Stack trace:
#0 C:\wamp64\www\BookIT\host\profile.php(19): mysqli->query('SELECT * FROM u...')
#1 {main}
  thrown in C:\wamp64\www\BookIT\host\profile.php on line 19
[15-Nov-2025 16:07:43 Asia/Manila] PHP Fatal error:  Uncaught mysqli_sql_exception: Table 'condo_rental_reservation_db.user_bank_accounts' doesn't exist in C:\wamp64\www\BookIT\host\profile.php:19
Stack trace:
#0 C:\wamp64\www\BookIT\host\profile.php(19): mysqli->query('SELECT * FROM u...')
#1 {main}
  thrown in C:\wamp64\www\BookIT\host\profile.php on line 19
[15-Nov-2025 17:14:54 Asia/Manila] PHP Fatal error:  Uncaught Error: Call to undefined function isLoggedIn() in C:\wamp64\www\BookIT\renter\profile.php:6
Stack trace:
#0 {main}
  thrown in C:\wamp64\www\BookIT\renter\profile.php on line 6
[15-Nov-2025 18:02:13 Asia/Manila] PHP Fatal error:  Uncaught mysqli_sql_exception: Unknown column 'capacity' in 'field list' in C:\wamp64\www\BookIT\host\unit_management.php:40
Stack trace:
#0 C:\wamp64\www\BookIT\host\unit_management.php(40): mysqli->query('\r\n             ...')
#1 {main}
  thrown in C:\wamp64\www\BookIT\host\unit_management.php on line 40
[15-Nov-2025 18:03:29 Asia/Manila] PHP Fatal error:  Uncaught mysqli_sql_exception: Unknown column 'capacity' in 'field list' in C:\wamp64\www\BookIT\host\unit_management.php:40
Stack trace:
#0 C:\wamp64\www\BookIT\host\unit_management.php(40): mysqli->query('\r\n             ...')
#1 {main}
  thrown in C:\wamp64\www\BookIT\host\unit_management.php on line 40
[15-Nov-2025 18:03:33 Asia/Manila] PHP Fatal error:  Uncaught mysqli_sql_exception: Unknown column 'capacity' in 'field list' in C:\wamp64\www\BookIT\host\unit_management.php:40
Stack trace:
#0 C:\wamp64\www\BookIT\host\unit_management.php(40): mysqli->query('\r\n             ...')
#1 {main}
  thrown in C:\wamp64\www\BookIT\host\unit_management.php on line 40
[15-Nov-2025 18:57:07 Asia/Manila] PHP Warning:  Undefined array key "capacity" in C:\wamp64\www\BookIT\host\unit_management.php on line 270
[15-Nov-2025 18:57:07 Asia/Manila] PHP Stack trace:
[15-Nov-2025 18:57:07 Asia/Manila] PHP   1. {main}() C:\wamp64\www\BookIT\host\unit_management.php:0
[15-Nov-2025 18:58:11 Asia/Manila] PHP Fatal error:  Uncaught mysqli_sql_exception: Table 'condo_rental_reservation_db.unit_amenities' doesn't exist in C:\wamp64\www\BookIT\host\get_unit_data.php:33
Stack trace:
#0 C:\wamp64\www\BookIT\host\get_unit_data.php(33): mysqli->query('SELECT amenity_...')
#1 {main}
  thrown in C:\wamp64\www\BookIT\host\get_unit_data.php on line 33
[15-Nov-2025 19:01:37 Asia/Manila] PHP Fatal error:  Uncaught mysqli_sql_exception: Table 'condo_rental_reservation_db.unit_amenities' doesn't exist in C:\wamp64\www\BookIT\host\get_unit_data.php:33
Stack trace:
#0 C:\wamp64\www\BookIT\host\get_unit_data.php(33): mysqli->query('SELECT amenity_...')
#1 {main}
  thrown in C:\wamp64\www\BookIT\host\get_unit_data.php on line 33
[15-Nov-2025 19:02:05 Asia/Manila] PHP Fatal error:  Uncaught mysqli_sql_exception: Table 'condo_rental_reservation_db.unit_amenities' doesn't exist in C:\wamp64\www\BookIT\host\get_unit_data.php:33
Stack trace:
#0 C:\wamp64\www\BookIT\host\get_unit_data.php(33): mysqli->query('SELECT amenity_...')
#1 {main}
  thrown in C:\wamp64\www\BookIT\host\get_unit_data.php on line 33
[15-Nov-2025 19:08:01 Asia/Manila] PHP Fatal error:  Uncaught mysqli_sql_exception: Table 'condo_rental_reservation_db.unit_amenities' doesn't exist in C:\wamp64\www\BookIT\host\unit_management.php:114
Stack trace:
#0 C:\wamp64\www\BookIT\host\unit_management.php(114): mysqli->query('DELETE FROM uni...')
#1 {main}
  thrown in C:\wamp64\www\BookIT\host\unit_management.php on line 114
[15-Nov-2025 19:24:06 Asia/Manila] === addBranch() called ===
[15-Nov-2025 19:24:06 Asia/Manila]   branch_name: Celadon Park Condominium
[15-Nov-2025 19:24:06 Asia/Manila]   address: 8009, 1014 Felix Huertas Rd, Santa Cruz, Manila, Metro Manila
[15-Nov-2025 19:24:06 Asia/Manila]   city: Metro Manila
[15-Nov-2025 19:24:06 Asia/Manila]   contact_number: (02) 8848 5100
[15-Nov-2025 19:24:06 Asia/Manila]   email: 
[15-Nov-2025 19:24:06 Asia/Manila]   host_id: 3
[15-Nov-2025 19:24:06 Asia/Manila]   SQL: INSERT INTO branches (branch_name, address, city, contact_number, email, host_id, is_active) 
                VALUES (?, ?, ?, ?, ?, ?, 1)
[15-Nov-2025 19:24:06 Asia/Manila]   Params count: 6
[15-Nov-2025 19:24:06 Asia/Manila]   Params: ["Celadon Park Condominium","8009, 1014 Felix Huertas Rd, Santa Cruz, Manila, Metro Manila","Metro Manila","(02) 8848 5100","","3"]
[15-Nov-2025 19:24:06 Asia/Manila]   execute_query() returned: TRUE
[15-Nov-2025 19:24:06 Asia/Manila]   SUCCESS: Branch added!
[15-Nov-2025 19:30:12 Asia/Manila] === addBranch() called ===
[15-Nov-2025 19:30:12 Asia/Manila]   branch_name: Robinsons Place Residences
[15-Nov-2025 19:30:12 Asia/Manila]   address: Padre Faura St, Ermita, Manila, 1000 Metro Manila
[15-Nov-2025 19:30:12 Asia/Manila]   city: Metro Manila
[15-Nov-2025 19:30:12 Asia/Manila]   contact_number: 0925 777 7777
[15-Nov-2025 19:30:12 Asia/Manila]   email: 
[15-Nov-2025 19:30:12 Asia/Manila]   host_id: 4
[15-Nov-2025 19:30:12 Asia/Manila]   SQL: INSERT INTO branches (branch_name, address, city, contact_number, email, host_id, is_active) 
                VALUES (?, ?, ?, ?, ?, ?, 1)
[15-Nov-2025 19:30:12 Asia/Manila]   Params count: 6
[15-Nov-2025 19:30:12 Asia/Manila]   Params: ["Robinsons Place Residences","Padre Faura St, Ermita, Manila, 1000 Metro Manila","Metro Manila","0925 777 7777","","4"]
[15-Nov-2025 19:30:12 Asia/Manila]   execute_query() returned: TRUE
[15-Nov-2025 19:30:12 Asia/Manila]   SUCCESS: Branch added!
[15-Nov-2025 19:38:07 Asia/Manila] PHP Fatal error:  Uncaught ArgumentCountError: The number of variables must match the number of parameters in the prepared statement in C:\wamp64\www\BookIT\config\db.php:53
Stack trace:
#0 C:\wamp64\www\BookIT\config\db.php(53): mysqli_stmt->bind_param('isssss', 4, '2025-11-17', '2025-11-16', '2025-11-16', '2025-11-17', '2025-11-16')
#1 C:\wamp64\www\BookIT\includes\functions.php(321): get_single_result('SELECT reservat...', Array)
#2 C:\wamp64\www\BookIT\renter\reserve_unit.php(99): createReservation(10, 4, 3, '2025-11-16', '2025-11-17', 16000.0, 5500.0, '')
#3 {main}
  thrown in C:\wamp64\www\BookIT\config\db.php on line 53
[15-Nov-2025 21:15:18 Asia/Manila] PHP Fatal error:  Uncaught Error: Call to undefined function isLoggedIn() in C:\wamp64\www\BookIT\public\browse_units.php:123
Stack trace:
#0 {main}
  thrown in C:\wamp64\www\BookIT\public\browse_units.php on line 123
[15-Nov-2025 21:15:27 Asia/Manila] PHP Fatal error:  Uncaught Error: Call to undefined function isLoggedIn() in C:\wamp64\www\BookIT\public\browse_units.php:123
Stack trace:
#0 {main}
  thrown in C:\wamp64\www\BookIT\public\browse_units.php on line 123
[15-Nov-2025 21:15:44 Asia/Manila] PHP Fatal error:  Uncaught Error: Call to undefined function isLoggedIn() in C:\wamp64\www\BookIT\public\browse_units.php:123
Stack trace:
#0 {main}
  thrown in C:\wamp64\www\BookIT\public\browse_units.php on line 123
[15-Nov-2025 21:18:29 Asia/Manila] PHP Warning:  Undefined array key "user_name" in C:\wamp64\www\BookIT\modules\reservations.php on line 260
[15-Nov-2025 21:18:29 Asia/Manila] PHP Stack trace:
[15-Nov-2025 21:18:29 Asia/Manila] PHP   1. {main}() C:\wamp64\www\BookIT\modules\reservations.php:0
[17-Nov-2025 11:55:40 Asia/Manila] PHP Fatal error:  Uncaught Error: Call to undefined function isLoggedIn() in C:\wamp64\www\BookIT\renter\profile.php:6
Stack trace:
#0 {main}
  thrown in C:\wamp64\www\BookIT\renter\profile.php on line 6
[17-Nov-2025 11:58:23 Asia/Manila] PHP Fatal error:  Uncaught Error: Call to undefined function isLoggedIn() in C:\wamp64\www\BookIT\public\browse_units.php:123
Stack trace:
#0 {main}
  thrown in C:\wamp64\www\BookIT\public\browse_units.php on line 123
[17-Nov-2025 17:04:35 Asia/Manila] PHP Fatal error:  Uncaught Error: Call to undefined function isLoggedIn() in C:\wamp64\www\BookIT\public\be_host.php:40
Stack trace:
#0 {main}
  thrown in C:\wamp64\www\BookIT\public\be_host.php on line 40
[17-Nov-2025 17:33:17 Asia/Manila] PHP Warning:  Undefined array key "description" in C:\wamp64\www\BookIT\host\unit_management.php on line 23
[17-Nov-2025 17:33:17 Asia/Manila] PHP Stack trace:
[17-Nov-2025 17:33:17 Asia/Manila] PHP   1. {main}() C:\wamp64\www\BookIT\host\unit_management.php:0
[17-Nov-2025 17:33:17 Asia/Manila] PHP Deprecated:  trim(): Passing null to parameter #1 ($string) of type string is deprecated in C:\wamp64\www\BookIT\includes\functions.php on line 733
[17-Nov-2025 17:33:17 Asia/Manila] PHP Stack trace:
[17-Nov-2025 17:33:17 Asia/Manila] PHP   1. {main}() C:\wamp64\www\BookIT\host\unit_management.php:0
[17-Nov-2025 17:33:17 Asia/Manila] PHP   2. sanitize_input($data = NULL) C:\wamp64\www\BookIT\host\unit_management.php:23
[17-Nov-2025 17:33:17 Asia/Manila] PHP   3. trim($string = NULL) C:\wamp64\www\BookIT\includes\functions.php:733
[17-Nov-2025 17:33:17 Asia/Manila] PHP Fatal error:  Uncaught mysqli_sql_exception: Unknown column 'u.building_name' in 'field list' in C:\wamp64\www\BookIT\includes\AddressVerification.php:90
Stack trace:
#0 C:\wamp64\www\BookIT\includes\AddressVerification.php(90): mysqli->prepare('SELECT u.unit_i...')
#1 C:\wamp64\www\BookIT\includes\DuplicateDetectionEngine.php(172): AddressVerification->checkAddressExists('unit101', 'caloocan city', 'afa', 'caloocan city', NULL)
#2 C:\wamp64\www\BookIT\includes\DuplicateDetectionEngine.php(49): DuplicateDetectionEngine->checkAddressVerification(NULL, 'unit101', 'caloocan city', 'afa', 'caloocan city')
#3 C:\wamp64\www\BookIT\host\unit_management.php(53): DuplicateDetectionEngine->analyzeUnitForDuplicates(NULL, Array)
#4 {main}
  thrown in C:\wamp64\www\BookIT\includes\AddressVerification.php on line 90
[17-Nov-2025 17:35:35 Asia/Manila] PHP Warning:  Undefined array key "description" in C:\wamp64\www\BookIT\host\unit_management.php on line 23
[17-Nov-2025 17:35:35 Asia/Manila] PHP Stack trace:
[17-Nov-2025 17:35:35 Asia/Manila] PHP   1. {main}() C:\wamp64\www\BookIT\host\unit_management.php:0
[17-Nov-2025 17:35:35 Asia/Manila] PHP Deprecated:  trim(): Passing null to parameter #1 ($string) of type string is deprecated in C:\wamp64\www\BookIT\includes\functions.php on line 733
[17-Nov-2025 17:35:35 Asia/Manila] PHP Stack trace:
[17-Nov-2025 17:35:36 Asia/Manila] PHP   1. {main}() C:\wamp64\www\BookIT\host\unit_management.php:0
[17-Nov-2025 17:35:36 Asia/Manila] PHP   2. sanitize_input($data = NULL) C:\wamp64\www\BookIT\host\unit_management.php:23
[17-Nov-2025 17:35:36 Asia/Manila] PHP   3. trim($string = NULL) C:\wamp64\www\BookIT\includes\functions.php:733
[17-Nov-2025 17:35:36 Asia/Manila] PHP Fatal error:  Uncaught mysqli_sql_exception: Unknown column 'u.building_name' in 'field list' in C:\wamp64\www\BookIT\includes\AddressVerification.php:90
Stack trace:
#0 C:\wamp64\www\BookIT\includes\AddressVerification.php(90): mysqli->prepare('SELECT u.unit_i...')
#1 C:\wamp64\www\BookIT\includes\DuplicateDetectionEngine.php(172): AddressVerification->checkAddressExists('unit101', 'caloocan city', 'afa', 'caloocan city', NULL)
#2 C:\wamp64\www\BookIT\includes\DuplicateDetectionEngine.php(49): DuplicateDetectionEngine->checkAddressVerification(NULL, 'unit101', 'caloocan city', 'afa', 'caloocan city')
#3 C:\wamp64\www\BookIT\host\unit_management.php(53): DuplicateDetectionEngine->analyzeUnitForDuplicates(NULL, Array)
#4 {main}
  thrown in C:\wamp64\www\BookIT\includes\AddressVerification.php on line 90
[17-Nov-2025 17:37:13 Asia/Manila] PHP Warning:  Undefined array key "description" in C:\wamp64\www\BookIT\host\unit_management.php on line 23
[17-Nov-2025 17:37:13 Asia/Manila] PHP Stack trace:
[17-Nov-2025 17:37:13 Asia/Manila] PHP   1. {main}() C:\wamp64\www\BookIT\host\unit_management.php:0
[17-Nov-2025 17:37:13 Asia/Manila] PHP Deprecated:  trim(): Passing null to parameter #1 ($string) of type string is deprecated in C:\wamp64\www\BookIT\includes\functions.php on line 733
[17-Nov-2025 17:37:13 Asia/Manila] PHP Stack trace:
[17-Nov-2025 17:37:13 Asia/Manila] PHP   1. {main}() C:\wamp64\www\BookIT\host\unit_management.php:0
[17-Nov-2025 17:37:13 Asia/Manila] PHP   2. sanitize_input($data = NULL) C:\wamp64\www\BookIT\host\unit_management.php:23
[17-Nov-2025 17:37:13 Asia/Manila] PHP   3. trim($string = NULL) C:\wamp64\www\BookIT\includes\functions.php:733
[17-Nov-2025 17:37:13 Asia/Manila] PHP Fatal error:  Uncaught mysqli_sql_exception: Unknown column 'u.building_name' in 'field list' in C:\wamp64\www\BookIT\includes\AddressVerification.php:90
Stack trace:
#0 C:\wamp64\www\BookIT\includes\AddressVerification.php(90): mysqli->prepare('SELECT u.unit_i...')
#1 C:\wamp64\www\BookIT\includes\DuplicateDetectionEngine.php(172): AddressVerification->checkAddressExists('unit101', 'caloocan city', 'afa', 'caloocan city', NULL)
#2 C:\wamp64\www\BookIT\includes\DuplicateDetectionEngine.php(49): DuplicateDetectionEngine->checkAddressVerification(NULL, 'unit101', 'caloocan city', 'afa', 'caloocan city')
#3 C:\wamp64\www\BookIT\host\unit_management.php(53): DuplicateDetectionEngine->analyzeUnitForDuplicates(NULL, Array)
#4 {main}
  thrown in C:\wamp64\www\BookIT\includes\AddressVerification.php on line 90
[17-Nov-2025 17:40:15 Asia/Manila] PHP Warning:  Undefined array key "description" in C:\wamp64\www\BookIT\host\unit_management.php on line 23
[17-Nov-2025 17:40:15 Asia/Manila] PHP Stack trace:
[17-Nov-2025 17:40:15 Asia/Manila] PHP   1. {main}() C:\wamp64\www\BookIT\host\unit_management.php:0
[17-Nov-2025 17:40:15 Asia/Manila] PHP Deprecated:  trim(): Passing null to parameter #1 ($string) of type string is deprecated in C:\wamp64\www\BookIT\includes\functions.php on line 733
[17-Nov-2025 17:40:15 Asia/Manila] PHP Stack trace:
[17-Nov-2025 17:40:15 Asia/Manila] PHP   1. {main}() C:\wamp64\www\BookIT\host\unit_management.php:0
[17-Nov-2025 17:40:15 Asia/Manila] PHP   2. sanitize_input($data = NULL) C:\wamp64\www\BookIT\host\unit_management.php:23
[17-Nov-2025 17:40:15 Asia/Manila] PHP   3. trim($string = NULL) C:\wamp64\www\BookIT\includes\functions.php:733
[17-Nov-2025 17:40:15 Asia/Manila] PHP Fatal error:  Uncaught mysqli_sql_exception: Unknown column 'u.building_name' in 'field list' in C:\wamp64\www\BookIT\includes\AddressVerification.php:90
Stack trace:
#0 C:\wamp64\www\BookIT\includes\AddressVerification.php(90): mysqli->prepare('SELECT u.unit_i...')
#1 C:\wamp64\www\BookIT\includes\DuplicateDetectionEngine.php(172): AddressVerification->checkAddressExists('unit101', 'caloocan city', 'afa', 'caloocan city', NULL)
#2 C:\wamp64\www\BookIT\includes\DuplicateDetectionEngine.php(49): DuplicateDetectionEngine->checkAddressVerification(NULL, 'unit101', 'caloocan city', 'afa', 'caloocan city')
#3 C:\wamp64\www\BookIT\host\unit_management.php(53): DuplicateDetectionEngine->analyzeUnitForDuplicates(NULL, Array)
#4 {main}
  thrown in C:\wamp64\www\BookIT\includes\AddressVerification.php on line 90
[17-Nov-2025 17:41:14 Asia/Manila] PHP Fatal error:  Uncaught mysqli_sql_exception: Specified key was too long; max key length is 1000 bytes in C:\wamp64\www\BookIT\migrations\add_duplicate_detection_tables.php:246
Stack trace:
#0 C:\wamp64\www\BookIT\migrations\add_duplicate_detection_tables.php(246): mysqli->query('CREATE TABLE IF...')
#1 {main}
  thrown in C:\wamp64\www\BookIT\migrations\add_duplicate_detection_tables.php on line 246
[17-Nov-2025 17:41:46 Asia/Manila] PHP Fatal error:  Uncaught mysqli_sql_exception: Specified key was too long; max key length is 1000 bytes in C:\wamp64\www\BookIT\migrations\add_duplicate_detection_tables.php:246
Stack trace:
#0 C:\wamp64\www\BookIT\migrations\add_duplicate_detection_tables.php(246): mysqli->query('CREATE TABLE IF...')
#1 {main}
  thrown in C:\wamp64\www\BookIT\migrations\add_duplicate_detection_tables.php on line 246
[17-Nov-2025 17:42:27 Asia/Manila] PHP Fatal error:  Uncaught mysqli_sql_exception: Too many key parts specified; max 1 parts allowed in C:\wamp64\www\BookIT\migrations\add_duplicate_detection_tables.php:247
Stack trace:
#0 C:\wamp64\www\BookIT\migrations\add_duplicate_detection_tables.php(247): mysqli->query('CREATE TABLE IF...')
#1 {main}
  thrown in C:\wamp64\www\BookIT\migrations\add_duplicate_detection_tables.php on line 247
[17-Nov-2025 17:42:43 Asia/Manila] PHP Fatal error:  Uncaught mysqli_sql_exception: Too many key parts specified; max 1 parts allowed in C:\wamp64\www\BookIT\migrations\add_duplicate_detection_tables.php:248
Stack trace:
#0 C:\wamp64\www\BookIT\migrations\add_duplicate_detection_tables.php(248): mysqli->query('CREATE TABLE IF...')
#1 {main}
  thrown in C:\wamp64\www\BookIT\migrations\add_duplicate_detection_tables.php on line 248
[17-Nov-2025 17:45:02 Asia/Manila] PHP Warning:  Undefined array key "description" in C:\wamp64\www\BookIT\host\unit_management.php on line 23
[17-Nov-2025 17:45:02 Asia/Manila] PHP Stack trace:
[17-Nov-2025 17:45:02 Asia/Manila] PHP   1. {main}() C:\wamp64\www\BookIT\host\unit_management.php:0
[17-Nov-2025 17:45:02 Asia/Manila] PHP Deprecated:  trim(): Passing null to parameter #1 ($string) of type string is deprecated in C:\wamp64\www\BookIT\includes\functions.php on line 733
[17-Nov-2025 17:45:02 Asia/Manila] PHP Stack trace:
[17-Nov-2025 17:45:02 Asia/Manila] PHP   1. {main}() C:\wamp64\www\BookIT\host\unit_management.php:0
[17-Nov-2025 17:45:02 Asia/Manila] PHP   2. sanitize_input($data = NULL) C:\wamp64\www\BookIT\host\unit_management.php:23
[17-Nov-2025 17:45:02 Asia/Manila] PHP   3. trim($string = NULL) C:\wamp64\www\BookIT\includes\functions.php:733
[17-Nov-2025 17:45:02 Asia/Manila] PHP Fatal error:  Uncaught mysqli_sql_exception: Unknown column 'u.building_name' in 'field list' in C:\wamp64\www\BookIT\includes\AddressVerification.php:90
Stack trace:
#0 C:\wamp64\www\BookIT\includes\AddressVerification.php(90): mysqli->prepare('SELECT u.unit_i...')
#1 C:\wamp64\www\BookIT\includes\DuplicateDetectionEngine.php(172): AddressVerification->checkAddressExists('unit101', 'caloocan city', 'afa', 'caloocan city', NULL)
#2 C:\wamp64\www\BookIT\includes\DuplicateDetectionEngine.php(49): DuplicateDetectionEngine->checkAddressVerification(NULL, 'unit101', 'caloocan city', 'afa', 'caloocan city')
#3 C:\wamp64\www\BookIT\host\unit_management.php(53): DuplicateDetectionEngine->analyzeUnitForDuplicates(NULL, Array)
#4 {main}
  thrown in C:\wamp64\www\BookIT\includes\AddressVerification.php on line 90
[17-Nov-2025 17:46:07 Asia/Manila] PHP Warning:  Undefined array key "description" in C:\wamp64\www\BookIT\host\unit_management.php on line 23
[17-Nov-2025 17:46:07 Asia/Manila] PHP Stack trace:
[17-Nov-2025 17:46:07 Asia/Manila] PHP   1. {main}() C:\wamp64\www\BookIT\host\unit_management.php:0
[17-Nov-2025 17:46:07 Asia/Manila] PHP Deprecated:  trim(): Passing null to parameter #1 ($string) of type string is deprecated in C:\wamp64\www\BookIT\includes\functions.php on line 733
[17-Nov-2025 17:46:07 Asia/Manila] PHP Stack trace:
[17-Nov-2025 17:46:07 Asia/Manila] PHP   1. {main}() C:\wamp64\www\BookIT\host\unit_management.php:0
[17-Nov-2025 17:46:07 Asia/Manila] PHP   2. sanitize_input($data = NULL) C:\wamp64\www\BookIT\host\unit_management.php:23
[17-Nov-2025 17:46:07 Asia/Manila] PHP   3. trim($string = NULL) C:\wamp64\www\BookIT\includes\functions.php:733
[17-Nov-2025 17:46:07 Asia/Manila] PHP Fatal error:  Uncaught mysqli_sql_exception: Unknown column 'u.building_name' in 'field list' in C:\wamp64\www\BookIT\includes\AddressVerification.php:90
Stack trace:
#0 C:\wamp64\www\BookIT\includes\AddressVerification.php(90): mysqli->prepare('SELECT u.unit_i...')
#1 C:\wamp64\www\BookIT\includes\DuplicateDetectionEngine.php(172): AddressVerification->checkAddressExists('unit101', 'caloocan city', 'afa', 'caloocan city', NULL)
#2 C:\wamp64\www\BookIT\includes\DuplicateDetectionEngine.php(49): DuplicateDetectionEngine->checkAddressVerification(NULL, 'unit101', 'caloocan city', 'afa', 'caloocan city')
#3 C:\wamp64\www\BookIT\host\unit_management.php(53): DuplicateDetectionEngine->analyzeUnitForDuplicates(NULL, Array)
#4 {main}
  thrown in C:\wamp64\www\BookIT\includes\AddressVerification.php on line 90
[17-Nov-2025 17:50:36 Asia/Manila] PHP Fatal error:  Uncaught mysqli_sql_exception: Unknown column 'u.building_name' in 'field list' in C:\wamp64\www\BookIT\includes\AddressVerification.php:90
Stack trace:
#0 C:\wamp64\www\BookIT\includes\AddressVerification.php(90): mysqli->prepare('SELECT u.unit_i...')
#1 C:\wamp64\www\BookIT\includes\DuplicateDetectionEngine.php(172): AddressVerification->checkAddressExists('unit101', 'caloocan city', 'afa', 'caloocan city', NULL)
#2 C:\wamp64\www\BookIT\includes\DuplicateDetectionEngine.php(49): DuplicateDetectionEngine->checkAddressVerification(NULL, 'unit101', 'caloocan city', 'afa', 'caloocan city')
#3 C:\wamp64\www\BookIT\host\unit_management.php(53): DuplicateDetectionEngine->analyzeUnitForDuplicates(NULL, Array)
#4 {main}
  thrown in C:\wamp64\www\BookIT\includes\AddressVerification.php on line 90
[17-Nov-2025 17:55:43 Asia/Manila] PHP Fatal error:  Uncaught mysqli_sql_exception: Unknown column 'u.building_name' in 'field list' in C:\wamp64\www\BookIT\includes\AddressVerification.php:90
Stack trace:
#0 C:\wamp64\www\BookIT\includes\AddressVerification.php(90): mysqli->prepare('SELECT u.unit_i...')
#1 C:\wamp64\www\BookIT\includes\DuplicateDetectionEngine.php(172): AddressVerification->checkAddressExists('unit101', 'caloocan city', 'afa', 'caloocan city', NULL)
#2 C:\wamp64\www\BookIT\includes\DuplicateDetectionEngine.php(49): DuplicateDetectionEngine->checkAddressVerification(NULL, 'unit101', 'caloocan city', 'afa', 'caloocan city')
#3 C:\wamp64\www\BookIT\host\unit_management.php(53): DuplicateDetectionEngine->analyzeUnitForDuplicates(NULL, Array)
#4 {main}
  thrown in C:\wamp64\www\BookIT\includes\AddressVerification.php on line 90
[17-Nov-2025 17:55:59 Asia/Manila] PHP Fatal error:  Uncaught mysqli_sql_exception: Unknown column 'u.building_name' in 'field list' in C:\wamp64\www\BookIT\includes\AddressVerification.php:90
Stack trace:
#0 C:\wamp64\www\BookIT\includes\AddressVerification.php(90): mysqli->prepare('SELECT u.unit_i...')
#1 C:\wamp64\www\BookIT\includes\DuplicateDetectionEngine.php(172): AddressVerification->checkAddressExists('unit101', 'caloocan city', 'afa', 'caloocan city', NULL)
#2 C:\wamp64\www\BookIT\includes\DuplicateDetectionEngine.php(49): DuplicateDetectionEngine->checkAddressVerification(NULL, 'unit101', 'caloocan city', 'afa', 'caloocan city')
#3 C:\wamp64\www\BookIT\host\unit_management.php(53): DuplicateDetectionEngine->analyzeUnitForDuplicates(NULL, Array)
#4 {main}
  thrown in C:\wamp64\www\BookIT\includes\AddressVerification.php on line 90
[17-Nov-2025 17:57:02 Asia/Manila] PHP Fatal error:  Uncaught mysqli_sql_exception: You have an error in your SQL syntax; check the manual that corresponds to your MySQL server version for the right syntax to use near 'IF NOT EXISTS building_name VARCHAR(255) AFTER description' at line 1 in C:\wamp64\www\BookIT\migrations\add_address_fields_to_units.php:23
Stack trace:
#0 C:\wamp64\www\BookIT\migrations\add_address_fields_to_units.php(23): mysqli->query('ALTER TABLE uni...')
#1 {main}
  thrown in C:\wamp64\www\BookIT\migrations\add_address_fields_to_units.php on line 23
[17-Nov-2025 17:59:49 Asia/Manila] PHP Fatal error:  Uncaught mysqli_sql_exception: Unknown column 'u.building_name' in 'field list' in C:\wamp64\www\BookIT\includes\AddressVerification.php:90
Stack trace:
#0 C:\wamp64\www\BookIT\includes\AddressVerification.php(90): mysqli->prepare('SELECT u.unit_i...')
#1 C:\wamp64\www\BookIT\includes\DuplicateDetectionEngine.php(172): AddressVerification->checkAddressExists('unit101', '', 'afa', 'caloocan city', NULL)
#2 C:\wamp64\www\BookIT\includes\DuplicateDetectionEngine.php(49): DuplicateDetectionEngine->checkAddressVerification(NULL, 'unit101', '', 'afa', 'caloocan city')
#3 C:\wamp64\www\BookIT\host\unit_management.php(53): DuplicateDetectionEngine->analyzeUnitForDuplicates(NULL, Array)
#4 {main}
  thrown in C:\wamp64\www\BookIT\includes\AddressVerification.php on line 90
[17-Nov-2025 18:02:07 Asia/Manila] PHP Fatal error:  Uncaught mysqli_sql_exception: Unknown column 'u.street_address' in 'field list' in C:\wamp64\www\BookIT\includes\AddressVerification.php:90
Stack trace:
#0 C:\wamp64\www\BookIT\includes\AddressVerification.php(90): mysqli->prepare('SELECT u.unit_i...')
#1 C:\wamp64\www\BookIT\includes\DuplicateDetectionEngine.php(172): AddressVerification->checkAddressExists('unit101', '', 'afa', 'caloocan city', NULL)
#2 C:\wamp64\www\BookIT\includes\DuplicateDetectionEngine.php(49): DuplicateDetectionEngine->checkAddressVerification(NULL, 'unit101', '', 'afa', 'caloocan city')
#3 C:\wamp64\www\BookIT\host\unit_management.php(53): DuplicateDetectionEngine->analyzeUnitForDuplicates(NULL, Array)
#4 {main}
  thrown in C:\wamp64\www\BookIT\includes\AddressVerification.php on line 90
[17-Nov-2025 18:02:55 Asia/Manila] PHP Fatal error:  Uncaught mysqli_sql_exception: Unknown column 'u.street_address' in 'field list' in C:\wamp64\www\BookIT\includes\GeolocationValidation.php:218
Stack trace:
#0 C:\wamp64\www\BookIT\includes\GeolocationValidation.php(218): mysqli->prepare('SELECT u.unit_i...')
#1 C:\wamp64\www\BookIT\includes\DuplicateDetectionEngine.php(203): GeolocationValidation->checkExactCoordinateMatch(0.0, 0.0, NULL)
#2 C:\wamp64\www\BookIT\includes\DuplicateDetectionEngine.php(75): DuplicateDetectionEngine->checkGeolocationValidation(NULL, 0.0, 0.0)
#3 C:\wamp64\www\BookIT\host\unit_management.php(53): DuplicateDetectionEngine->analyzeUnitForDuplicates(NULL, Array)
#4 {main}
  thrown in C:\wamp64\www\BookIT\includes\GeolocationValidation.php on line 218
[17-Nov-2025 19:04:42 Asia/Manila] PHP Fatal error:  Uncaught mysqli_sql_exception: Duplicate column name 'building_name' in C:\wamp64\www\BookIT\migrations\add_address_fields_to_units.php:23
Stack trace:
#0 C:\wamp64\www\BookIT\migrations\add_address_fields_to_units.php(23): mysqli->query('ALTER TABLE uni...')
#1 {main}
  thrown in C:\wamp64\www\BookIT\migrations\add_address_fields_to_units.php on line 23
[17-Nov-2025 19:04:51 Asia/Manila] PHP Fatal error:  Uncaught mysqli_sql_exception: Duplicate column name 'building_name' in C:\wamp64\www\BookIT\migrations\add_address_fields_to_units.php:23
Stack trace:
#0 C:\wamp64\www\BookIT\migrations\add_address_fields_to_units.php(23): mysqli->query('ALTER TABLE uni...')
#1 {main}
  thrown in C:\wamp64\www\BookIT\migrations\add_address_fields_to_units.php on line 23
[17-Nov-2025 19:05:14 Asia/Manila] PHP Fatal error:  Uncaught Error: mysqli object is already closed in C:\wamp64\www\BookIT\config\db.php:209
Stack trace:
#0 C:\wamp64\www\BookIT\config\db.php(209): mysqli->close()
#1 [internal function]: close_connection()
#2 {main}
  thrown in C:\wamp64\www\BookIT\config\db.php on line 209
[17-Nov-2025 19:15:22 Asia/Manila] PHP Fatal error:  Uncaught mysqli_sql_exception: Unknown column 'h.full_name' in 'field list' in C:\wamp64\www\BookIT\includes\GeolocationValidation.php:218
Stack trace:
#0 C:\wamp64\www\BookIT\includes\GeolocationValidation.php(218): mysqli->prepare('SELECT u.unit_i...')
#1 C:\wamp64\www\BookIT\includes\DuplicateDetectionEngine.php(203): GeolocationValidation->checkExactCoordinateMatch(0.0, 0.0, NULL)
#2 C:\wamp64\www\BookIT\includes\DuplicateDetectionEngine.php(75): DuplicateDetectionEngine->checkGeolocationValidation(NULL, 0.0, 0.0)
#3 C:\wamp64\www\BookIT\host\unit_management.php(53): DuplicateDetectionEngine->analyzeUnitForDuplicates(NULL, Array)
#4 {main}
  thrown in C:\wamp64\www\BookIT\includes\GeolocationValidation.php on line 218
[17-Nov-2025 19:17:42 Asia/Manila] PHP Warning:  Undefined array key "search_radius" in C:\wamp64\www\BookIT\includes\DuplicateDetectionEngine.php on line 210
[17-Nov-2025 19:17:42 Asia/Manila] PHP Stack trace:
[17-Nov-2025 19:17:42 Asia/Manila] PHP   1. {main}() C:\wamp64\www\BookIT\host\unit_management.php:0
[17-Nov-2025 19:17:42 Asia/Manila] PHP   2. DuplicateDetectionEngine->analyzeUnitForDuplicates($unit_id = NULL, $unit_data = ['building_name' => 'unit101', 'street_address' => 'caloocan city', 'unit_number' => 'afa', 'city' => 'caloocan city', 'latitude' => 0, 'longitude' => 0]) C:\wamp64\www\BookIT\host\unit_management.php:53
[17-Nov-2025 19:17:42 Asia/Manila] PHP   3. DuplicateDetectionEngine->checkGeolocationValidation($unit_id = NULL, $latitude = 0, $longitude = 0) C:\wamp64\www\BookIT\includes\DuplicateDetectionEngine.php:75
[17-Nov-2025 19:34:10 Asia/Manila] PHP Fatal error:  Uncaught Error: mysqli object is already closed in C:\wamp64\www\BookIT\config\db.php:209
Stack trace:
#0 C:\wamp64\www\BookIT\config\db.php(209): mysqli->close()
#1 [internal function]: close_connection()
#2 {main}
  thrown in C:\wamp64\www\BookIT\config\db.php on line 209
[17-Nov-2025 19:34:30 Asia/Manila] PHP Fatal error:  Uncaught mysqli_sql_exception: Unknown column 'p.created_at' in 'where clause' in C:\wamp64\www\BookIT\config\db.php:85
Stack trace:
#0 C:\wamp64\www\BookIT\config\db.php(85): mysqli->prepare('\r\n    SELECT p....')
#1 C:\wamp64\www\BookIT\host\payment_management.php(188): get_multiple_results('\r\n    SELECT p....', Array)
#2 {main}
  thrown in C:\wamp64\www\BookIT\config\db.php on line 85
[17-Nov-2025 19:35:48 Asia/Manila] PHP Fatal error:  Uncaught mysqli_sql_exception: Column 'payment_status' in field list is ambiguous in C:\wamp64\www\BookIT\config\db.php:25
Stack trace:
#0 C:\wamp64\www\BookIT\config\db.php(25): mysqli->prepare('\r\n    SELECT \r\n...')
#1 C:\wamp64\www\BookIT\host\payment_management.php(199): get_single_result('\r\n    SELECT \r\n...', Array)
#2 {main}
  thrown in C:\wamp64\www\BookIT\config\db.php on line 25
[17-Nov-2025 19:35:58 Asia/Manila] PHP Fatal error:  Uncaught mysqli_sql_exception: Column 'payment_status' in field list is ambiguous in C:\wamp64\www\BookIT\config\db.php:25
Stack trace:
#0 C:\wamp64\www\BookIT\config\db.php(25): mysqli->prepare('\r\n    SELECT \r\n...')
#1 C:\wamp64\www\BookIT\host\payment_management.php(199): get_single_result('\r\n    SELECT \r\n...', Array)
#2 {main}
  thrown in C:\wamp64\www\BookIT\config\db.php on line 25
[17-Nov-2025 21:26:11 Asia/Manila] PHP Fatal error:  Uncaught mysqli_sql_exception: Column 'payment_status' in field list is ambiguous in C:\wamp64\www\BookIT\config\db.php:25
Stack trace:
#0 C:\wamp64\www\BookIT\config\db.php(25): mysqli->prepare('\r\n    SELECT \r\n...')
#1 C:\wamp64\www\BookIT\host\payment_management.php(199): get_single_result('\r\n    SELECT \r\n...', Array)
#2 {main}
  thrown in C:\wamp64\www\BookIT\config\db.php on line 25
[17-Nov-2025 21:26:13 Asia/Manila] PHP Fatal error:  Uncaught mysqli_sql_exception: Column 'payment_status' in field list is ambiguous in C:\wamp64\www\BookIT\config\db.php:25
Stack trace:
#0 C:\wamp64\www\BookIT\config\db.php(25): mysqli->prepare('\r\n    SELECT \r\n...')
#1 C:\wamp64\www\BookIT\host\payment_management.php(199): get_single_result('\r\n    SELECT \r\n...', Array)
#2 {main}
  thrown in C:\wamp64\www\BookIT\config\db.php on line 25
[17-Nov-2025 21:26:58 Asia/Manila] PHP Fatal error:  Uncaught Error: mysqli object is already closed in C:\wamp64\www\BookIT\config\db.php:209
Stack trace:
#0 C:\wamp64\www\BookIT\config\db.php(209): mysqli->close()
#1 [internal function]: close_connection()
#2 {main}
  thrown in C:\wamp64\www\BookIT\config\db.php on line 209
[17-Nov-2025 21:27:12 Asia/Manila] PHP Fatal error:  Uncaught mysqli_sql_exception: Column 'payment_status' in field list is ambiguous in C:\wamp64\www\BookIT\config\db.php:25
Stack trace:
#0 C:\wamp64\www\BookIT\config\db.php(25): mysqli->prepare('\r\n    SELECT \r\n...')
#1 C:\wamp64\www\BookIT\host\payment_management.php(199): get_single_result('\r\n    SELECT \r\n...', Array)
#2 {main}
  thrown in C:\wamp64\www\BookIT\config\db.php on line 25
[17-Nov-2025 21:27:13 Asia/Manila] PHP Fatal error:  Uncaught mysqli_sql_exception: Column 'payment_status' in field list is ambiguous in C:\wamp64\www\BookIT\config\db.php:25
Stack trace:
#0 C:\wamp64\www\BookIT\config\db.php(25): mysqli->prepare('\r\n    SELECT \r\n...')
#1 C:\wamp64\www\BookIT\host\payment_management.php(199): get_single_result('\r\n    SELECT \r\n...', Array)
#2 {main}
  thrown in C:\wamp64\www\BookIT\config\db.php on line 25
[17-Nov-2025 21:38:59 Asia/Manila] PHP Fatal error:  Uncaught mysqli_sql_exception: Column 'payment_status' in field list is ambiguous in C:\wamp64\www\BookIT\config\db.php:25
Stack trace:
#0 C:\wamp64\www\BookIT\config\db.php(25): mysqli->prepare('\r\n    SELECT \r\n...')
#1 C:\wamp64\www\BookIT\host\payment_management.php(199): get_single_result('\r\n    SELECT \r\n...', Array)
#2 {main}
  thrown in C:\wamp64\www\BookIT\config\db.php on line 25
[17-Nov-2025 21:39:00 Asia/Manila] PHP Fatal error:  Uncaught mysqli_sql_exception: Column 'payment_status' in field list is ambiguous in C:\wamp64\www\BookIT\config\db.php:25
Stack trace:
#0 C:\wamp64\www\BookIT\config\db.php(25): mysqli->prepare('\r\n    SELECT \r\n...')
#1 C:\wamp64\www\BookIT\host\payment_management.php(199): get_single_result('\r\n    SELECT \r\n...', Array)
#2 {main}
  thrown in C:\wamp64\www\BookIT\config\db.php on line 25
[17-Nov-2025 21:39:01 Asia/Manila] PHP Fatal error:  Uncaught mysqli_sql_exception: Column 'payment_status' in field list is ambiguous in C:\wamp64\www\BookIT\config\db.php:25
Stack trace:
#0 C:\wamp64\www\BookIT\config\db.php(25): mysqli->prepare('\r\n    SELECT \r\n...')
#1 C:\wamp64\www\BookIT\host\payment_management.php(199): get_single_result('\r\n    SELECT \r\n...', Array)
#2 {main}
  thrown in C:\wamp64\www\BookIT\config\db.php on line 25
[17-Nov-2025 21:39:01 Asia/Manila] PHP Fatal error:  Uncaught mysqli_sql_exception: Column 'payment_status' in field list is ambiguous in C:\wamp64\www\BookIT\config\db.php:25
Stack trace:
#0 C:\wamp64\www\BookIT\config\db.php(25): mysqli->prepare('\r\n    SELECT \r\n...')
#1 C:\wamp64\www\BookIT\host\payment_management.php(199): get_single_result('\r\n    SELECT \r\n...', Array)
#2 {main}
  thrown in C:\wamp64\www\BookIT\config\db.php on line 25
[17-Nov-2025 21:39:01 Asia/Manila] PHP Fatal error:  Uncaught mysqli_sql_exception: Column 'payment_status' in field list is ambiguous in C:\wamp64\www\BookIT\config\db.php:25
Stack trace:
#0 C:\wamp64\www\BookIT\config\db.php(25): mysqli->prepare('\r\n    SELECT \r\n...')
#1 C:\wamp64\www\BookIT\host\payment_management.php(199): get_single_result('\r\n    SELECT \r\n...', Array)
#2 {main}
  thrown in C:\wamp64\www\BookIT\config\db.php on line 25
[17-Nov-2025 21:39:01 Asia/Manila] PHP Fatal error:  Uncaught mysqli_sql_exception: Column 'payment_status' in field list is ambiguous in C:\wamp64\www\BookIT\config\db.php:25
Stack trace:
#0 C:\wamp64\www\BookIT\config\db.php(25): mysqli->prepare('\r\n    SELECT \r\n...')
#1 C:\wamp64\www\BookIT\host\payment_management.php(199): get_single_result('\r\n    SELECT \r\n...', Array)
#2 {main}
  thrown in C:\wamp64\www\BookIT\config\db.php on line 25
[17-Nov-2025 21:39:01 Asia/Manila] PHP Fatal error:  Uncaught mysqli_sql_exception: Column 'payment_status' in field list is ambiguous in C:\wamp64\www\BookIT\config\db.php:25
Stack trace:
#0 C:\wamp64\www\BookIT\config\db.php(25): mysqli->prepare('\r\n    SELECT \r\n...')
#1 C:\wamp64\www\BookIT\host\payment_management.php(199): get_single_result('\r\n    SELECT \r\n...', Array)
#2 {main}
  thrown in C:\wamp64\www\BookIT\config\db.php on line 25
[17-Nov-2025 21:39:02 Asia/Manila] PHP Fatal error:  Uncaught mysqli_sql_exception: Column 'payment_status' in field list is ambiguous in C:\wamp64\www\BookIT\config\db.php:25
Stack trace:
#0 C:\wamp64\www\BookIT\config\db.php(25): mysqli->prepare('\r\n    SELECT \r\n...')
#1 C:\wamp64\www\BookIT\host\payment_management.php(199): get_single_result('\r\n    SELECT \r\n...', Array)
#2 {main}
  thrown in C:\wamp64\www\BookIT\config\db.php on line 25
[17-Nov-2025 21:39:02 Asia/Manila] PHP Fatal error:  Uncaught mysqli_sql_exception: Column 'payment_status' in field list is ambiguous in C:\wamp64\www\BookIT\config\db.php:25
Stack trace:
#0 C:\wamp64\www\BookIT\config\db.php(25): mysqli->prepare('\r\n    SELECT \r\n...')
#1 C:\wamp64\www\BookIT\host\payment_management.php(199): get_single_result('\r\n    SELECT \r\n...', Array)
#2 {main}
  thrown in C:\wamp64\www\BookIT\config\db.php on line 25
[17-Nov-2025 21:39:02 Asia/Manila] PHP Fatal error:  Uncaught mysqli_sql_exception: Column 'payment_status' in field list is ambiguous in C:\wamp64\www\BookIT\config\db.php:25
Stack trace:
#0 C:\wamp64\www\BookIT\config\db.php(25): mysqli->prepare('\r\n    SELECT \r\n...')
#1 C:\wamp64\www\BookIT\host\payment_management.php(199): get_single_result('\r\n    SELECT \r\n...', Array)
#2 {main}
  thrown in C:\wamp64\www\BookIT\config\db.php on line 25
[17-Nov-2025 21:39:02 Asia/Manila] PHP Fatal error:  Uncaught mysqli_sql_exception: Column 'payment_status' in field list is ambiguous in C:\wamp64\www\BookIT\config\db.php:25
Stack trace:
#0 C:\wamp64\www\BookIT\config\db.php(25): mysqli->prepare('\r\n    SELECT \r\n...')
#1 C:\wamp64\www\BookIT\host\payment_management.php(199): get_single_result('\r\n    SELECT \r\n...', Array)
#2 {main}
  thrown in C:\wamp64\www\BookIT\config\db.php on line 25
[17-Nov-2025 21:39:03 Asia/Manila] PHP Fatal error:  Uncaught mysqli_sql_exception: Column 'payment_status' in field list is ambiguous in C:\wamp64\www\BookIT\config\db.php:25
Stack trace:
#0 C:\wamp64\www\BookIT\config\db.php(25): mysqli->prepare('\r\n    SELECT \r\n...')
#1 C:\wamp64\www\BookIT\host\payment_management.php(199): get_single_result('\r\n    SELECT \r\n...', Array)
#2 {main}
  thrown in C:\wamp64\www\BookIT\config\db.php on line 25
[17-Nov-2025 21:39:04 Asia/Manila] PHP Fatal error:  Uncaught mysqli_sql_exception: Column 'payment_status' in field list is ambiguous in C:\wamp64\www\BookIT\config\db.php:25
Stack trace:
#0 C:\wamp64\www\BookIT\config\db.php(25): mysqli->prepare('\r\n    SELECT \r\n...')
#1 C:\wamp64\www\BookIT\host\payment_management.php(199): get_single_result('\r\n    SELECT \r\n...', Array)
#2 {main}
  thrown in C:\wamp64\www\BookIT\config\db.php on line 25
[17-Nov-2025 21:50:56 Asia/Manila] PHP Deprecated:  htmlspecialchars(): Passing null to parameter #1 ($string) of type string is deprecated in C:\wamp64\www\BookIT\ajax\get_unit_view.php on line 55
[17-Nov-2025 21:50:56 Asia/Manila] PHP Stack trace:
[17-Nov-2025 21:50:56 Asia/Manila] PHP   1. {main}() C:\wamp64\www\BookIT\ajax\get_unit_view.php:0
[17-Nov-2025 21:50:56 Asia/Manila] PHP   2. htmlspecialchars($string = NULL) C:\wamp64\www\BookIT\ajax\get_unit_view.php:55
[17-Nov-2025 21:53:54 Asia/Manila] PHP Warning:  Undefined array key "description" in C:\wamp64\www\BookIT\host\unit_management.php on line 110
[17-Nov-2025 21:53:54 Asia/Manila] PHP Stack trace:
[17-Nov-2025 21:53:54 Asia/Manila] PHP   1. {main}() C:\wamp64\www\BookIT\host\unit_management.php:0
[18-Nov-2025 19:07:11 Asia/Manila] PHP Warning:  Undefined array key "user_name" in C:\wamp64\www\BookIT\modules\reservations.php on line 260
[18-Nov-2025 19:07:11 Asia/Manila] PHP Stack trace:
[18-Nov-2025 19:07:11 Asia/Manila] PHP   1. {main}() C:\wamp64\www\BookIT\modules\reservations.php:0
[18-Nov-2025 20:42:01 Asia/Manila] Database error: You have an error in your SQL syntax; check the manual that corresponds to your MySQL server version for the right syntax to use near '// Add this to check branch status
                    (SELECT COUNT(*) FROM re' at line 5
[18-Nov-2025 20:47:25 Asia/Manila] PHP Warning:  Undefined array key "occupancy_rate" in C:\wamp64\www\BookIT\admin\unit_management.php on line 492
[18-Nov-2025 20:47:25 Asia/Manila] PHP Stack trace:
[18-Nov-2025 20:47:25 Asia/Manila] PHP   1. {main}() C:\wamp64\www\BookIT\admin\unit_management.php:0
[18-Nov-2025 20:47:25 Asia/Manila] PHP Warning:  Undefined array key "status" in C:\wamp64\www\BookIT\admin\unit_management.php on line 509
[18-Nov-2025 20:47:25 Asia/Manila] PHP Stack trace:
[18-Nov-2025 20:47:25 Asia/Manila] PHP   1. {main}() C:\wamp64\www\BookIT\admin\unit_management.php:0
[18-Nov-2025 20:47:25 Asia/Manila] PHP Warning:  Undefined array key "status" in C:\wamp64\www\BookIT\admin\unit_management.php on line 510
[18-Nov-2025 20:47:25 Asia/Manila] PHP Stack trace:
[18-Nov-2025 20:47:25 Asia/Manila] PHP   1. {main}() C:\wamp64\www\BookIT\admin\unit_management.php:0
[18-Nov-2025 20:47:25 Asia/Manila] PHP Deprecated:  ucfirst(): Passing null to parameter #1 ($string) of type string is deprecated in C:\wamp64\www\BookIT\admin\unit_management.php on line 510
[18-Nov-2025 20:47:25 Asia/Manila] PHP Stack trace:
[18-Nov-2025 20:47:25 Asia/Manila] PHP   1. {main}() C:\wamp64\www\BookIT\admin\unit_management.php:0
[18-Nov-2025 20:47:25 Asia/Manila] PHP   2. ucfirst($string = NULL) C:\wamp64\www\BookIT\admin\unit_management.php:510
[18-Nov-2025 20:47:25 Asia/Manila] PHP Warning:  Undefined array key "occupancy_rate" in C:\wamp64\www\BookIT\admin\unit_management.php on line 492
[18-Nov-2025 20:47:25 Asia/Manila] PHP Stack trace:
[18-Nov-2025 20:47:25 Asia/Manila] PHP   1. {main}() C:\wamp64\www\BookIT\admin\unit_management.php:0
[18-Nov-2025 20:47:25 Asia/Manila] PHP Warning:  Undefined array key "status" in C:\wamp64\www\BookIT\admin\unit_management.php on line 509
[18-Nov-2025 20:47:25 Asia/Manila] PHP Stack trace:
[18-Nov-2025 20:47:25 Asia/Manila] PHP   1. {main}() C:\wamp64\www\BookIT\admin\unit_management.php:0
[18-Nov-2025 20:47:25 Asia/Manila] PHP Warning:  Undefined array key "status" in C:\wamp64\www\BookIT\admin\unit_management.php on line 510
[18-Nov-2025 20:47:25 Asia/Manila] PHP Stack trace:
[18-Nov-2025 20:47:25 Asia/Manila] PHP   1. {main}() C:\wamp64\www\BookIT\admin\unit_management.php:0
[18-Nov-2025 20:47:25 Asia/Manila] PHP Deprecated:  ucfirst(): Passing null to parameter #1 ($string) of type string is deprecated in C:\wamp64\www\BookIT\admin\unit_management.php on line 510
[18-Nov-2025 20:47:25 Asia/Manila] PHP Stack trace:
[18-Nov-2025 20:47:25 Asia/Manila] PHP   1. {main}() C:\wamp64\www\BookIT\admin\unit_management.php:0
[18-Nov-2025 20:47:25 Asia/Manila] PHP   2. ucfirst($string = NULL) C:\wamp64\www\BookIT\admin\unit_management.php:510
[18-Nov-2025 20:47:25 Asia/Manila] PHP Warning:  Undefined array key "occupancy_rate" in C:\wamp64\www\BookIT\admin\unit_management.php on line 492
[18-Nov-2025 20:47:25 Asia/Manila] PHP Stack trace:
[18-Nov-2025 20:47:25 Asia/Manila] PHP   1. {main}() C:\wamp64\www\BookIT\admin\unit_management.php:0
[18-Nov-2025 20:47:25 Asia/Manila] PHP Warning:  Undefined array key "status" in C:\wamp64\www\BookIT\admin\unit_management.php on line 509
[18-Nov-2025 20:47:25 Asia/Manila] PHP Stack trace:
[18-Nov-2025 20:47:25 Asia/Manila] PHP   1. {main}() C:\wamp64\www\BookIT\admin\unit_management.php:0
[18-Nov-2025 20:47:25 Asia/Manila] PHP Warning:  Undefined array key "status" in C:\wamp64\www\BookIT\admin\unit_management.php on line 510
[18-Nov-2025 20:47:25 Asia/Manila] PHP Stack trace:
[18-Nov-2025 20:47:25 Asia/Manila] PHP   1. {main}() C:\wamp64\www\BookIT\admin\unit_management.php:0
[18-Nov-2025 20:47:25 Asia/Manila] PHP Deprecated:  ucfirst(): Passing null to parameter #1 ($string) of type string is deprecated in C:\wamp64\www\BookIT\admin\unit_management.php on line 510
[18-Nov-2025 20:47:25 Asia/Manila] PHP Stack trace:
[18-Nov-2025 20:47:25 Asia/Manila] PHP   1. {main}() C:\wamp64\www\BookIT\admin\unit_management.php:0
[18-Nov-2025 20:47:25 Asia/Manila] PHP   2. ucfirst($string = NULL) C:\wamp64\www\BookIT\admin\unit_management.php:510
[18-Nov-2025 20:47:31 Asia/Manila] PHP Warning:  Undefined array key "occupancy_rate" in C:\wamp64\www\BookIT\admin\unit_management.php on line 492
[18-Nov-2025 20:47:31 Asia/Manila] PHP Stack trace:
[18-Nov-2025 20:47:31 Asia/Manila] PHP   1. {main}() C:\wamp64\www\BookIT\admin\unit_management.php:0
[18-Nov-2025 20:47:31 Asia/Manila] PHP Warning:  Undefined array key "status" in C:\wamp64\www\BookIT\admin\unit_management.php on line 509
[18-Nov-2025 20:47:31 Asia/Manila] PHP Stack trace:
[18-Nov-2025 20:47:31 Asia/Manila] PHP   1. {main}() C:\wamp64\www\BookIT\admin\unit_management.php:0
[18-Nov-2025 20:47:31 Asia/Manila] PHP Warning:  Undefined array key "status" in C:\wamp64\www\BookIT\admin\unit_management.php on line 510
[18-Nov-2025 20:47:31 Asia/Manila] PHP Stack trace:
[18-Nov-2025 20:47:31 Asia/Manila] PHP   1. {main}() C:\wamp64\www\BookIT\admin\unit_management.php:0
[18-Nov-2025 20:47:31 Asia/Manila] PHP Deprecated:  ucfirst(): Passing null to parameter #1 ($string) of type string is deprecated in C:\wamp64\www\BookIT\admin\unit_management.php on line 510
[18-Nov-2025 20:47:31 Asia/Manila] PHP Stack trace:
[18-Nov-2025 20:47:31 Asia/Manila] PHP   1. {main}() C:\wamp64\www\BookIT\admin\unit_management.php:0
[18-Nov-2025 20:47:31 Asia/Manila] PHP   2. ucfirst($string = NULL) C:\wamp64\www\BookIT\admin\unit_management.php:510
[18-Nov-2025 20:47:31 Asia/Manila] PHP Warning:  Undefined array key "occupancy_rate" in C:\wamp64\www\BookIT\admin\unit_management.php on line 492
[18-Nov-2025 20:47:31 Asia/Manila] PHP Stack trace:
[18-Nov-2025 20:47:31 Asia/Manila] PHP   1. {main}() C:\wamp64\www\BookIT\admin\unit_management.php:0
[18-Nov-2025 20:47:31 Asia/Manila] PHP Warning:  Undefined array key "status" in C:\wamp64\www\BookIT\admin\unit_management.php on line 509
[18-Nov-2025 20:47:31 Asia/Manila] PHP Stack trace:
[18-Nov-2025 20:47:31 Asia/Manila] PHP   1. {main}() C:\wamp64\www\BookIT\admin\unit_management.php:0
[18-Nov-2025 20:47:31 Asia/Manila] PHP Warning:  Undefined array key "status" in C:\wamp64\www\BookIT\admin\unit_management.php on line 510
[18-Nov-2025 20:47:31 Asia/Manila] PHP Stack trace:
[18-Nov-2025 20:47:31 Asia/Manila] PHP   1. {main}() C:\wamp64\www\BookIT\admin\unit_management.php:0
[18-Nov-2025 20:47:31 Asia/Manila] PHP Deprecated:  ucfirst(): Passing null to parameter #1 ($string) of type string is deprecated in C:\wamp64\www\BookIT\admin\unit_management.php on line 510
[18-Nov-2025 20:47:31 Asia/Manila] PHP Stack trace:
[18-Nov-2025 20:47:31 Asia/Manila] PHP   1. {main}() C:\wamp64\www\BookIT\admin\unit_management.php:0
[18-Nov-2025 20:47:31 Asia/Manila] PHP   2. ucfirst($string = NULL) C:\wamp64\www\BookIT\admin\unit_management.php:510
[18-Nov-2025 20:47:31 Asia/Manila] PHP Warning:  Undefined array key "occupancy_rate" in C:\wamp64\www\BookIT\admin\unit_management.php on line 492
[18-Nov-2025 20:47:31 Asia/Manila] PHP Stack trace:
[18-Nov-2025 20:47:31 Asia/Manila] PHP   1. {main}() C:\wamp64\www\BookIT\admin\unit_management.php:0
[18-Nov-2025 20:47:31 Asia/Manila] PHP Warning:  Undefined array key "status" in C:\wamp64\www\BookIT\admin\unit_management.php on line 509
[18-Nov-2025 20:47:31 Asia/Manila] PHP Stack trace:
[18-Nov-2025 20:47:31 Asia/Manila] PHP   1. {main}() C:\wamp64\www\BookIT\admin\unit_management.php:0
[18-Nov-2025 20:47:31 Asia/Manila] PHP Warning:  Undefined array key "status" in C:\wamp64\www\BookIT\admin\unit_management.php on line 510
[18-Nov-2025 20:47:31 Asia/Manila] PHP Stack trace:
[18-Nov-2025 20:47:31 Asia/Manila] PHP   1. {main}() C:\wamp64\www\BookIT\admin\unit_management.php:0
[18-Nov-2025 20:47:31 Asia/Manila] PHP Deprecated:  ucfirst(): Passing null to parameter #1 ($string) of type string is deprecated in C:\wamp64\www\BookIT\admin\unit_management.php on line 510
[18-Nov-2025 20:47:31 Asia/Manila] PHP Stack trace:
[18-Nov-2025 20:47:31 Asia/Manila] PHP   1. {main}() C:\wamp64\www\BookIT\admin\unit_management.php:0
[18-Nov-2025 20:47:31 Asia/Manila] PHP   2. ucfirst($string = NULL) C:\wamp64\www\BookIT\admin\unit_management.php:510
[18-Nov-2025 20:47:34 Asia/Manila] PHP Warning:  Undefined array key "occupancy_rate" in C:\wamp64\www\BookIT\admin\unit_management.php on line 492
[18-Nov-2025 20:47:34 Asia/Manila] PHP Stack trace:
[18-Nov-2025 20:47:34 Asia/Manila] PHP   1. {main}() C:\wamp64\www\BookIT\admin\unit_management.php:0
[18-Nov-2025 20:47:34 Asia/Manila] PHP Warning:  Undefined array key "status" in C:\wamp64\www\BookIT\admin\unit_management.php on line 509
[18-Nov-2025 20:47:34 Asia/Manila] PHP Stack trace:
[18-Nov-2025 20:47:34 Asia/Manila] PHP   1. {main}() C:\wamp64\www\BookIT\admin\unit_management.php:0
[18-Nov-2025 20:47:34 Asia/Manila] PHP Warning:  Undefined array key "status" in C:\wamp64\www\BookIT\admin\unit_management.php on line 510
[18-Nov-2025 20:47:34 Asia/Manila] PHP Stack trace:
[18-Nov-2025 20:47:34 Asia/Manila] PHP   1. {main}() C:\wamp64\www\BookIT\admin\unit_management.php:0
[18-Nov-2025 20:47:34 Asia/Manila] PHP Deprecated:  ucfirst(): Passing null to parameter #1 ($string) of type string is deprecated in C:\wamp64\www\BookIT\admin\unit_management.php on line 510
[18-Nov-2025 20:47:34 Asia/Manila] PHP Stack trace:
[18-Nov-2025 20:47:34 Asia/Manila] PHP   1. {main}() C:\wamp64\www\BookIT\admin\unit_management.php:0
[18-Nov-2025 20:47:34 Asia/Manila] PHP   2. ucfirst($string = NULL) C:\wamp64\www\BookIT\admin\unit_management.php:510
[18-Nov-2025 20:47:34 Asia/Manila] PHP Warning:  Undefined array key "occupancy_rate" in C:\wamp64\www\BookIT\admin\unit_management.php on line 492
[18-Nov-2025 20:47:34 Asia/Manila] PHP Stack trace:
[18-Nov-2025 20:47:34 Asia/Manila] PHP   1. {main}() C:\wamp64\www\BookIT\admin\unit_management.php:0
[18-Nov-2025 20:47:34 Asia/Manila] PHP Warning:  Undefined array key "status" in C:\wamp64\www\BookIT\admin\unit_management.php on line 509
[18-Nov-2025 20:47:34 Asia/Manila] PHP Stack trace:
[18-Nov-2025 20:47:34 Asia/Manila] PHP   1. {main}() C:\wamp64\www\BookIT\admin\unit_management.php:0
[18-Nov-2025 20:47:34 Asia/Manila] PHP Warning:  Undefined array key "status" in C:\wamp64\www\BookIT\admin\unit_management.php on line 510
[18-Nov-2025 20:47:34 Asia/Manila] PHP Stack trace:
[18-Nov-2025 20:47:34 Asia/Manila] PHP   1. {main}() C:\wamp64\www\BookIT\admin\unit_management.php:0
[18-Nov-2025 20:47:34 Asia/Manila] PHP Deprecated:  ucfirst(): Passing null to parameter #1 ($string) of type string is deprecated in C:\wamp64\www\BookIT\admin\unit_management.php on line 510
[18-Nov-2025 20:47:34 Asia/Manila] PHP Stack trace:
[18-Nov-2025 20:47:34 Asia/Manila] PHP   1. {main}() C:\wamp64\www\BookIT\admin\unit_management.php:0
[18-Nov-2025 20:47:34 Asia/Manila] PHP   2. ucfirst($string = NULL) C:\wamp64\www\BookIT\admin\unit_management.php:510
[18-Nov-2025 20:47:34 Asia/Manila] PHP Warning:  Undefined array key "occupancy_rate" in C:\wamp64\www\BookIT\admin\unit_management.php on line 492
[18-Nov-2025 20:47:34 Asia/Manila] PHP Stack trace:
[18-Nov-2025 20:47:34 Asia/Manila] PHP   1. {main}() C:\wamp64\www\BookIT\admin\unit_management.php:0
[18-Nov-2025 20:47:34 Asia/Manila] PHP Warning:  Undefined array key "status" in C:\wamp64\www\BookIT\admin\unit_management.php on line 509
[18-Nov-2025 20:47:34 Asia/Manila] PHP Stack trace:
[18-Nov-2025 20:47:34 Asia/Manila] PHP   1. {main}() C:\wamp64\www\BookIT\admin\unit_management.php:0
[18-Nov-2025 20:47:34 Asia/Manila] PHP Warning:  Undefined array key "status" in C:\wamp64\www\BookIT\admin\unit_management.php on line 510
[18-Nov-2025 20:47:34 Asia/Manila] PHP Stack trace:
[18-Nov-2025 20:47:34 Asia/Manila] PHP   1. {main}() C:\wamp64\www\BookIT\admin\unit_management.php:0
[18-Nov-2025 20:47:34 Asia/Manila] PHP Deprecated:  ucfirst(): Passing null to parameter #1 ($string) of type string is deprecated in C:\wamp64\www\BookIT\admin\unit_management.php on line 510
[18-Nov-2025 20:47:34 Asia/Manila] PHP Stack trace:
[18-Nov-2025 20:47:34 Asia/Manila] PHP   1. {main}() C:\wamp64\www\BookIT\admin\unit_management.php:0
[18-Nov-2025 20:47:34 Asia/Manila] PHP   2. ucfirst($string = NULL) C:\wamp64\www\BookIT\admin\unit_management.php:510
[18-Nov-2025 20:47:42 Asia/Manila] PHP Warning:  Undefined array key "occupancy_rate" in C:\wamp64\www\BookIT\admin\unit_management.php on line 492
[18-Nov-2025 20:47:42 Asia/Manila] PHP Stack trace:
[18-Nov-2025 20:47:42 Asia/Manila] PHP   1. {main}() C:\wamp64\www\BookIT\admin\unit_management.php:0
[18-Nov-2025 20:47:42 Asia/Manila] PHP Warning:  Undefined array key "status" in C:\wamp64\www\BookIT\admin\unit_management.php on line 509
[18-Nov-2025 20:47:42 Asia/Manila] PHP Stack trace:
[18-Nov-2025 20:47:42 Asia/Manila] PHP   1. {main}() C:\wamp64\www\BookIT\admin\unit_management.php:0
[18-Nov-2025 20:47:42 Asia/Manila] PHP Warning:  Undefined array key "status" in C:\wamp64\www\BookIT\admin\unit_management.php on line 510
[18-Nov-2025 20:47:42 Asia/Manila] PHP Stack trace:
[18-Nov-2025 20:47:42 Asia/Manila] PHP   1. {main}() C:\wamp64\www\BookIT\admin\unit_management.php:0
[18-Nov-2025 20:47:42 Asia/Manila] PHP Deprecated:  ucfirst(): Passing null to parameter #1 ($string) of type string is deprecated in C:\wamp64\www\BookIT\admin\unit_management.php on line 510
[18-Nov-2025 20:47:42 Asia/Manila] PHP Stack trace:
[18-Nov-2025 20:47:42 Asia/Manila] PHP   1. {main}() C:\wamp64\www\BookIT\admin\unit_management.php:0
[18-Nov-2025 20:47:42 Asia/Manila] PHP   2. ucfirst($string = NULL) C:\wamp64\www\BookIT\admin\unit_management.php:510
[18-Nov-2025 20:47:42 Asia/Manila] PHP Warning:  Undefined array key "occupancy_rate" in C:\wamp64\www\BookIT\admin\unit_management.php on line 492
[18-Nov-2025 20:47:42 Asia/Manila] PHP Stack trace:
[18-Nov-2025 20:47:42 Asia/Manila] PHP   1. {main}() C:\wamp64\www\BookIT\admin\unit_management.php:0
[18-Nov-2025 20:47:42 Asia/Manila] PHP Warning:  Undefined array key "status" in C:\wamp64\www\BookIT\admin\unit_management.php on line 509
[18-Nov-2025 20:47:42 Asia/Manila] PHP Stack trace:
[18-Nov-2025 20:47:42 Asia/Manila] PHP   1. {main}() C:\wamp64\www\BookIT\admin\unit_management.php:0
[18-Nov-2025 20:47:42 Asia/Manila] PHP Warning:  Undefined array key "status" in C:\wamp64\www\BookIT\admin\unit_management.php on line 510
[18-Nov-2025 20:47:42 Asia/Manila] PHP Stack trace:
[18-Nov-2025 20:47:42 Asia/Manila] PHP   1. {main}() C:\wamp64\www\BookIT\admin\unit_management.php:0
[18-Nov-2025 20:47:42 Asia/Manila] PHP Deprecated:  ucfirst(): Passing null to parameter #1 ($string) of type string is deprecated in C:\wamp64\www\BookIT\admin\unit_management.php on line 510
[18-Nov-2025 20:47:42 Asia/Manila] PHP Stack trace:
[18-Nov-2025 20:47:42 Asia/Manila] PHP   1. {main}() C:\wamp64\www\BookIT\admin\unit_management.php:0
[18-Nov-2025 20:47:42 Asia/Manila] PHP   2. ucfirst($string = NULL) C:\wamp64\www\BookIT\admin\unit_management.php:510
[18-Nov-2025 20:47:42 Asia/Manila] PHP Warning:  Undefined array key "occupancy_rate" in C:\wamp64\www\BookIT\admin\unit_management.php on line 492
[18-Nov-2025 20:47:42 Asia/Manila] PHP Stack trace:
[18-Nov-2025 20:47:42 Asia/Manila] PHP   1. {main}() C:\wamp64\www\BookIT\admin\unit_management.php:0
[18-Nov-2025 20:47:42 Asia/Manila] PHP Warning:  Undefined array key "status" in C:\wamp64\www\BookIT\admin\unit_management.php on line 509
[18-Nov-2025 20:47:42 Asia/Manila] PHP Stack trace:
[18-Nov-2025 20:47:42 Asia/Manila] PHP   1. {main}() C:\wamp64\www\BookIT\admin\unit_management.php:0
[18-Nov-2025 20:47:42 Asia/Manila] PHP Warning:  Undefined array key "status" in C:\wamp64\www\BookIT\admin\unit_management.php on line 510
[18-Nov-2025 20:47:42 Asia/Manila] PHP Stack trace:
[18-Nov-2025 20:47:42 Asia/Manila] PHP   1. {main}() C:\wamp64\www\BookIT\admin\unit_management.php:0
[18-Nov-2025 20:47:42 Asia/Manila] PHP Deprecated:  ucfirst(): Passing null to parameter #1 ($string) of type string is deprecated in C:\wamp64\www\BookIT\admin\unit_management.php on line 510
[18-Nov-2025 20:47:42 Asia/Manila] PHP Stack trace:
[18-Nov-2025 20:47:42 Asia/Manila] PHP   1. {main}() C:\wamp64\www\BookIT\admin\unit_management.php:0
[18-Nov-2025 20:47:42 Asia/Manila] PHP   2. ucfirst($string = NULL) C:\wamp64\www\BookIT\admin\unit_management.php:510
[19-Nov-2025 00:31:12 Asia/Manila] Database error: Unknown column 'u.instant_booking' in 'field list'
[19-Nov-2025 02:06:49 Asia/Manila] UNAUTHORIZED ACCESS ATTEMPT: User ID: 12 attempted to access page requiring roles: host, manager (Current role: renter) at /BookIT/host/host_dashboard.php
[19-Nov-2025 02:17:13 Asia/Manila] UNAUTHORIZED ACCESS ATTEMPT: User ID: 12 attempted to access page requiring roles: host, manager (Current role: renter) at /BookIT/host/host_dashboard.php
[19-Nov-2025 02:31:28 Asia/Manila] PHP Fatal error:  Cannot redeclare simulatePaymentGateway() (previously declared in C:\wamp64\www\BookIT\renter\payment.php:89) in C:\wamp64\www\BookIT\includes\renter_functions.php on line 351
[19-Nov-2025 02:31:28 Asia/Manila] PHP Stack trace:
[19-Nov-2025 02:31:28 Asia/Manila] PHP   1. {main}() C:\wamp64\www\BookIT\renter\payment.php:0
[19-Nov-2025 02:32:47 Asia/Manila] PHP Fatal error:  Uncaught Error: Call to undefined function isLoggedIn() in C:\wamp64\www\BookIT\renter\payment.php:117
Stack trace:
#0 {main}
  thrown in C:\wamp64\www\BookIT\renter\payment.php on line 117
[19-Nov-2025 02:33:25 Asia/Manila] PHP Fatal error:  Uncaught Error: Call to undefined function isLoggedIn() in C:\wamp64\www\BookIT\renter\payment.php:117
Stack trace:
#0 {main}
  thrown in C:\wamp64\www\BookIT\renter\payment.php on line 117
[19-Nov-2025 02:44:31 Asia/Manila] PHP Warning:  include_once(../config/db.php): Failed to open stream: No such file or directory in C:\wamp64\www\BookIT\includes\functions.php on line 5
[19-Nov-2025 02:44:31 Asia/Manila] PHP Stack trace:
[19-Nov-2025 02:44:31 Asia/Manila] PHP   1. {main}() C:\wamp64\www\BookIT\modules\api\get_unit_bookings.php:0
[19-Nov-2025 02:44:31 Asia/Manila] PHP   2. include_once() C:\wamp64\www\BookIT\modules\api\get_unit_bookings.php:4
[19-Nov-2025 02:44:31 Asia/Manila] PHP Warning:  include_once(): Failed opening '../config/db.php' for inclusion (include_path='.;C:\php\pear') in C:\wamp64\www\BookIT\includes\functions.php on line 5
[19-Nov-2025 02:44:31 Asia/Manila] PHP Stack trace:
[19-Nov-2025 02:44:31 Asia/Manila] PHP   1. {main}() C:\wamp64\www\BookIT\modules\api\get_unit_bookings.php:0
[19-Nov-2025 02:44:31 Asia/Manila] PHP   2. include_once() C:\wamp64\www\BookIT\modules\api\get_unit_bookings.php:4
[19-Nov-2025 02:44:31 Asia/Manila] PHP Fatal error:  Uncaught Error: Call to undefined function get_multiple_results() in C:\wamp64\www\BookIT\modules\api\get_unit_bookings.php:15
Stack trace:
#0 {main}
  thrown in C:\wamp64\www\BookIT\modules\api\get_unit_bookings.php on line 15
[19-Nov-2025 02:51:45 Asia/Manila] PHP Warning:  include_once(../config/db.php): Failed to open stream: No such file or directory in C:\wamp64\www\BookIT\includes\functions.php on line 5
[19-Nov-2025 02:51:45 Asia/Manila] PHP Stack trace:
[19-Nov-2025 02:51:45 Asia/Manila] PHP   1. {main}() C:\wamp64\www\BookIT\modules\api\get_unit_bookings.php:0
[19-Nov-2025 02:51:45 Asia/Manila] PHP   2. include_once() C:\wamp64\www\BookIT\modules\api\get_unit_bookings.php:4
[19-Nov-2025 02:51:45 Asia/Manila] PHP Warning:  include_once(): Failed opening '../config/db.php' for inclusion (include_path='.;C:\php\pear') in C:\wamp64\www\BookIT\includes\functions.php on line 5
[19-Nov-2025 02:51:45 Asia/Manila] PHP Stack trace:
[19-Nov-2025 02:51:45 Asia/Manila] PHP   1. {main}() C:\wamp64\www\BookIT\modules\api\get_unit_bookings.php:0
[19-Nov-2025 02:51:45 Asia/Manila] PHP   2. include_once() C:\wamp64\www\BookIT\modules\api\get_unit_bookings.php:4
[19-Nov-2025 02:51:45 Asia/Manila] PHP Fatal error:  Uncaught Error: Call to undefined function get_multiple_results() in C:\wamp64\www\BookIT\modules\api\get_unit_bookings.php:15
Stack trace:
#0 {main}
  thrown in C:\wamp64\www\BookIT\modules\api\get_unit_bookings.php on line 15
[19-Nov-2025 03:05:29 Asia/Manila] PHP Notice:  session_start(): Ignoring session_start() because a session is already active (started from C:\wamp64\www\BookIT\includes\auth.php on line 6) in C:\wamp64\www\BookIT\includes\session.php on line 5
[19-Nov-2025 03:05:29 Asia/Manila] PHP Stack trace:
[19-Nov-2025 03:05:29 Asia/Manila] PHP   1. {main}() C:\wamp64\www\BookIT\renter\unit_detail.php:0
[19-Nov-2025 03:05:29 Asia/Manila] PHP   2. include_once() C:\wamp64\www\BookIT\renter\unit_detail.php:4
[19-Nov-2025 03:05:29 Asia/Manila] PHP   3. session_start() C:\wamp64\www\BookIT\includes\session.php:5
[19-Nov-2025 03:05:29 Asia/Manila] PHP Warning:  include_once(../public/header.php): Failed to open stream: No such file or directory in C:\wamp64\www\BookIT\renter\unit_detail.php on line 68
[19-Nov-2025 03:05:29 Asia/Manila] PHP Stack trace:
[19-Nov-2025 03:05:29 Asia/Manila] PHP   1. {main}() C:\wamp64\www\BookIT\renter\unit_detail.php:0
[19-Nov-2025 03:05:29 Asia/Manila] PHP Warning:  include_once(): Failed opening '../public/header.php' for inclusion (include_path='.;C:\php\pear') in C:\wamp64\www\BookIT\renter\unit_detail.php on line 68
[19-Nov-2025 03:05:29 Asia/Manila] PHP Stack trace:
[19-Nov-2025 03:05:29 Asia/Manila] PHP   1. {main}() C:\wamp64\www\BookIT\renter\unit_detail.php:0
[19-Nov-2025 03:06:36 Asia/Manila] PHP Notice:  session_start(): Ignoring session_start() because a session is already active (started from C:\wamp64\www\BookIT\includes\auth.php on line 6) in C:\wamp64\www\BookIT\includes\session.php on line 5
[19-Nov-2025 03:06:36 Asia/Manila] PHP Stack trace:
[19-Nov-2025 03:06:36 Asia/Manila] PHP   1. {main}() C:\wamp64\www\BookIT\renter\unit_detail.php:0
[19-Nov-2025 03:06:36 Asia/Manila] PHP   2. include_once() C:\wamp64\www\BookIT\renter\unit_detail.php:4
[19-Nov-2025 03:06:36 Asia/Manila] PHP   3. session_start() C:\wamp64\www\BookIT\includes\session.php:5
[19-Nov-2025 03:40:01 Asia/Manila] UNAUTHORIZED ACCESS ATTEMPT: User ID: 12 attempted to access page requiring roles: host, manager (Current role: renter) at /BookIT/host/host_dashboard.php
[19-Nov-2025 03:44:36 Asia/Manila] Database error: Unknown column 'u.instant_booking' in 'field list'
[15-Jan-2026 14:57:01 Asia/Manila] Database error: Unknown column 'u.instant_booking' in 'field list'
[15-Jan-2026 15:05:28 Asia/Manila] UNAUTHORIZED ACCESS ATTEMPT: User ID: 15 attempted to access page requiring roles: host, manager (Current role: renter) at /BookIT/host/host_dashboard.php
[15-Jan-2026 15:05:32 Asia/Manila] UNAUTHORIZED ACCESS ATTEMPT: User ID: 15 attempted to access page requiring roles: host, manager (Current role: renter) at /BookIT/host/host_dashboard.php
[15-Jan-2026 17:42:07 Asia/Manila] Exception in execute_query: You have an error in your SQL syntax; check the manual that corresponds to your MySQL server version for the right syntax to use near 'IF NOT EXISTS otp_code VARCHAR(10) NULL, ADD COLUMN IF NOT EXISTS otp_expiry DAT' at line 1
[15-Jan-2026 17:42:07 Asia/Manila] Exception in execute_query: Unknown column 'otp_code' in 'field list'
[17-Jan-2026 20:17:57 Asia/Manila] Exception in execute_query: You have an error in your SQL syntax; check the manual that corresponds to your MySQL server version for the right syntax to use near 'IF NOT EXISTS otp_code VARCHAR(10) NULL, ADD COLUMN IF NOT EXISTS otp_expiry DAT' at line 1
[17-Jan-2026 20:17:57 Asia/Manila] Exception in execute_query: Unknown column 'otp_code' in 'field list'
[20-Jan-2026 10:20:14 Asia/Manila] Exception in execute_query: You have an error in your SQL syntax; check the manual that corresponds to your MySQL server version for the right syntax to use near 'IF NOT EXISTS otp_code VARCHAR(10) NULL, ADD COLUMN IF NOT EXISTS otp_expiry DAT' at line 1
[20-Jan-2026 10:20:14 Asia/Manila] Exception in execute_query: Unknown column 'otp_code' in 'field list'
[20-Jan-2026 11:23:20 Asia/Manila] UNAUTHORIZED ACCESS ATTEMPT: User ID: 15 attempted to access page requiring roles: host, manager (Current role: renter) at /BookIT/host/host_dashboard.php
[20-Jan-2026 11:47:39 Asia/Manila] Exception in execute_query: You have an error in your SQL syntax; check the manual that corresponds to your MySQL server version for the right syntax to use near 'IF NOT EXISTS otp_code VARCHAR(10) NULL, ADD COLUMN IF NOT EXISTS otp_expiry DAT' at line 1
[20-Jan-2026 11:47:39 Asia/Manila] Exception in execute_query: Unknown column 'otp_code' in 'field list'
[20-Jan-2026 11:47:53 Asia/Manila] Exception in execute_query: You have an error in your SQL syntax; check the manual that corresponds to your MySQL server version for the right syntax to use near 'IF NOT EXISTS otp_code VARCHAR(10) NULL, ADD COLUMN IF NOT EXISTS otp_expiry DAT' at line 1
[20-Jan-2026 11:47:53 Asia/Manila] Exception in execute_query: Unknown column 'otp_code' in 'field list'
[20-Jan-2026 11:48:16 Asia/Manila] Exception in execute_query: You have an error in your SQL syntax; check the manual that corresponds to your MySQL server version for the right syntax to use near 'IF NOT EXISTS otp_code VARCHAR(10) NULL, ADD COLUMN IF NOT EXISTS otp_expiry DAT' at line 1
[20-Jan-2026 11:48:16 Asia/Manila] Exception in execute_query: Unknown column 'otp_code' in 'field list'
[20-Jan-2026 11:48:19 Asia/Manila] Exception in execute_query: You have an error in your SQL syntax; check the manual that corresponds to your MySQL server version for the right syntax to use near 'IF NOT EXISTS otp_code VARCHAR(10) NULL, ADD COLUMN IF NOT EXISTS otp_expiry DAT' at line 1
[20-Jan-2026 11:48:19 Asia/Manila] Exception in execute_query: Unknown column 'otp_code' in 'field list'
[20-Jan-2026 11:48:24 Asia/Manila] Exception in execute_query: You have an error in your SQL syntax; check the manual that corresponds to your MySQL server version for the right syntax to use near 'IF NOT EXISTS otp_code VARCHAR(10) NULL, ADD COLUMN IF NOT EXISTS otp_expiry DAT' at line 1
[20-Jan-2026 11:48:24 Asia/Manila] Exception in execute_query: Unknown column 'otp_code' in 'field list'
[20-Jan-2026 11:50:19 Asia/Manila] PHP Warning:  include_once(../config/db.php): Failed to open stream: No such file or directory in C:\wamp64\www\BookIT\includes\functions.php on line 5
[20-Jan-2026 11:50:19 Asia/Manila] PHP Stack trace:
[20-Jan-2026 11:50:19 Asia/Manila] PHP   1. {main}() C:\wamp64\www\BookIT\modules\api\get_unit_bookings.php:0
[20-Jan-2026 11:50:19 Asia/Manila] PHP   2. include_once() C:\wamp64\www\BookIT\modules\api\get_unit_bookings.php:4
[20-Jan-2026 11:50:19 Asia/Manila] PHP Warning:  include_once(): Failed opening '../config/db.php' for inclusion (include_path='.;C:\php\pear') in C:\wamp64\www\BookIT\includes\functions.php on line 5
[20-Jan-2026 11:50:19 Asia/Manila] PHP Stack trace:
[20-Jan-2026 11:50:19 Asia/Manila] PHP   1. {main}() C:\wamp64\www\BookIT\modules\api\get_unit_bookings.php:0
[20-Jan-2026 11:50:19 Asia/Manila] PHP   2. include_once() C:\wamp64\www\BookIT\modules\api\get_unit_bookings.php:4
[20-Jan-2026 11:50:19 Asia/Manila] PHP Fatal error:  Uncaught Error: Call to undefined function get_multiple_results() in C:\wamp64\www\BookIT\modules\api\get_unit_bookings.php:15
Stack trace:
#0 {main}
  thrown in C:\wamp64\www\BookIT\modules\api\get_unit_bookings.php on line 15
[20-Jan-2026 11:50:20 Asia/Manila] PHP Warning:  include_once(../config/db.php): Failed to open stream: No such file or directory in C:\wamp64\www\BookIT\includes\functions.php on line 5
[20-Jan-2026 11:50:20 Asia/Manila] PHP Stack trace:
[20-Jan-2026 11:50:20 Asia/Manila] PHP   1. {main}() C:\wamp64\www\BookIT\modules\api\get_unit_bookings.php:0
[20-Jan-2026 11:50:20 Asia/Manila] PHP   2. include_once() C:\wamp64\www\BookIT\modules\api\get_unit_bookings.php:4
[20-Jan-2026 11:50:20 Asia/Manila] PHP Warning:  include_once(): Failed opening '../config/db.php' for inclusion (include_path='.;C:\php\pear') in C:\wamp64\www\BookIT\includes\functions.php on line 5
[20-Jan-2026 11:50:20 Asia/Manila] PHP Stack trace:
[20-Jan-2026 11:50:20 Asia/Manila] PHP   1. {main}() C:\wamp64\www\BookIT\modules\api\get_unit_bookings.php:0
[20-Jan-2026 11:50:20 Asia/Manila] PHP   2. include_once() C:\wamp64\www\BookIT\modules\api\get_unit_bookings.php:4
[20-Jan-2026 11:50:20 Asia/Manila] PHP Fatal error:  Uncaught Error: Call to undefined function get_multiple_results() in C:\wamp64\www\BookIT\modules\api\get_unit_bookings.php:15
Stack trace:
#0 {main}
  thrown in C:\wamp64\www\BookIT\modules\api\get_unit_bookings.php on line 15
[20-Jan-2026 12:40:15 Asia/Manila] Exception in execute_query: You have an error in your SQL syntax; check the manual that corresponds to your MySQL server version for the right syntax to use near 'IF NOT EXISTS otp_code VARCHAR(10) NULL, ADD COLUMN IF NOT EXISTS otp_expiry DAT' at line 1
[20-Jan-2026 12:40:15 Asia/Manila] Exception in execute_query: Unknown column 'otp_code' in 'field list'
[20-Jan-2026 12:40:56 Asia/Manila] Exception in execute_query: You have an error in your SQL syntax; check the manual that corresponds to your MySQL server version for the right syntax to use near 'IF NOT EXISTS otp_code VARCHAR(10) NULL, ADD COLUMN IF NOT EXISTS otp_expiry DAT' at line 1
[20-Jan-2026 12:40:56 Asia/Manila] Exception in execute_query: Unknown column 'otp_code' in 'field list'
[20-Jan-2026 13:26:40 Asia/Manila] Exception in execute_query: You have an error in your SQL syntax; check the manual that corresponds to your MySQL server version for the right syntax to use near 'IF NOT EXISTS otp_code VARCHAR(10) NULL, ADD COLUMN IF NOT EXISTS otp_expiry DAT' at line 1
[20-Jan-2026 13:26:40 Asia/Manila] Exception in execute_query: Unknown column 'otp_code' in 'field list'
[20-Jan-2026 13:44:20 Asia/Manila] Exception in execute_query: You have an error in your SQL syntax; check the manual that corresponds to your MySQL server version for the right syntax to use near 'IF NOT EXISTS otp_code VARCHAR(10) NULL, ADD COLUMN IF NOT EXISTS otp_expiry DAT' at line 1
[20-Jan-2026 13:44:20 Asia/Manila] Exception in execute_query: Unknown column 'otp_code' in 'field list'
[20-Jan-2026 13:47:55 Asia/Manila] mail() FAILED to: admin@bookit.com
[20-Jan-2026 13:49:10 Asia/Manila] mail() FAILED to: admin@bookit.com
[20-Jan-2026 13:50:15 Asia/Manila] PHPMailer: Email sent to: admin@bookit.com
[20-Jan-2026 13:50:55 Asia/Manila] PHPMailer: Email sent to: admin@bookit.com
[20-Jan-2026 13:53:45 Asia/Manila] PHPMailer: Email sent to: admin@bookit.com
[20-Jan-2026 13:54:01 Asia/Manila] Exception in execute_query: You have an error in your SQL syntax; check the manual that corresponds to your MySQL server version for the right syntax to use near 'IF NOT EXISTS otp_code VARCHAR(10) NULL, ADD COLUMN IF NOT EXISTS otp_expiry DAT' at line 1
[20-Jan-2026 13:54:01 Asia/Manila] Exception in execute_query: Unknown column 'otp_code' in 'field list'
[20-Jan-2026 13:58:07 Asia/Manila] Exception in execute_query: You have an error in your SQL syntax; check the manual that corresponds to your MySQL server version for the right syntax to use near 'IF NOT EXISTS otp_code VARCHAR(10) NULL, ADD COLUMN IF NOT EXISTS otp_expiry DAT' at line 1
[20-Jan-2026 13:58:07 Asia/Manila] Exception in execute_query: Unknown column 'otp_code' in 'field list'
[20-Jan-2026 14:00:53 Asia/Manila] PHPMailer: Email sent to: admin@bookit.com
[20-Jan-2026 14:03:27 Asia/Manila] Exception in execute_query: You have an error in your SQL syntax; check the manual that corresponds to your MySQL server version for the right syntax to use near 'IF NOT EXISTS otp_code VARCHAR(10) NULL, ADD COLUMN IF NOT EXISTS otp_expiry DAT' at line 1
[20-Jan-2026 14:03:27 Asia/Manila] Exception in execute_query: Unknown column 'otp_code' in 'field list'
[20-Jan-2026 14:03:37 Asia/Manila] Exception in execute_query: You have an error in your SQL syntax; check the manual that corresponds to your MySQL server version for the right syntax to use near 'IF NOT EXISTS otp_code VARCHAR(10) NULL, ADD COLUMN IF NOT EXISTS otp_expiry DAT' at line 1
[20-Jan-2026 14:03:37 Asia/Manila] Exception in execute_query: Unknown column 'otp_code' in 'field list'
[20-Jan-2026 14:06:30 Asia/Manila] PHP Warning:  include_once(../config/db.php): Failed to open stream: No such file or directory in C:\wamp64\www\BookIT\includes\functions.php on line 5
[20-Jan-2026 14:06:30 Asia/Manila] PHP Stack trace:
[20-Jan-2026 14:06:30 Asia/Manila] PHP   1. {main}() C:\wamp64\www\BookIT\simulate_forgot_post.php:0
[20-Jan-2026 14:06:30 Asia/Manila] PHP   2. require_once() C:\wamp64\www\BookIT\simulate_forgot_post.php:7
[20-Jan-2026 14:06:30 Asia/Manila] PHP Warning:  include_once(): Failed opening '../config/db.php' for inclusion (include_path='.;C:\php\pear') in C:\wamp64\www\BookIT\includes\functions.php on line 5
[20-Jan-2026 14:06:30 Asia/Manila] PHP Stack trace:
[20-Jan-2026 14:06:30 Asia/Manila] PHP   1. {main}() C:\wamp64\www\BookIT\simulate_forgot_post.php:0
[20-Jan-2026 14:06:30 Asia/Manila] PHP   2. require_once() C:\wamp64\www\BookIT\simulate_forgot_post.php:7
[20-Jan-2026 14:06:30 Asia/Manila] PHP Warning:  include_once(../includes/public_session.php): Failed to open stream: No such file or directory in C:\wamp64\www\BookIT\public\forgot_password.php on line 5
[20-Jan-2026 14:06:30 Asia/Manila] PHP Stack trace:
[20-Jan-2026 14:06:30 Asia/Manila] PHP   1. {main}() C:\wamp64\www\BookIT\simulate_forgot_post.php:0
[20-Jan-2026 14:06:30 Asia/Manila] PHP   2. include() C:\wamp64\www\BookIT\simulate_forgot_post.php:53
[20-Jan-2026 14:06:30 Asia/Manila] PHP Warning:  include_once(): Failed opening '../includes/public_session.php' for inclusion (include_path='.;C:\php\pear') in C:\wamp64\www\BookIT\public\forgot_password.php on line 5
[20-Jan-2026 14:06:30 Asia/Manila] PHP Stack trace:
[20-Jan-2026 14:06:30 Asia/Manila] PHP   1. {main}() C:\wamp64\www\BookIT\simulate_forgot_post.php:0
[20-Jan-2026 14:06:30 Asia/Manila] PHP   2. include() C:\wamp64\www\BookIT\simulate_forgot_post.php:53
[20-Jan-2026 14:06:30 Asia/Manila] PHP Warning:  include_once(../includes/functions.php): Failed to open stream: No such file or directory in C:\wamp64\www\BookIT\public\forgot_password.php on line 6
[20-Jan-2026 14:06:30 Asia/Manila] PHP Stack trace:
[20-Jan-2026 14:06:30 Asia/Manila] PHP   1. {main}() C:\wamp64\www\BookIT\simulate_forgot_post.php:0
[20-Jan-2026 14:06:30 Asia/Manila] PHP   2. include() C:\wamp64\www\BookIT\simulate_forgot_post.php:53
[20-Jan-2026 14:06:30 Asia/Manila] PHP Warning:  include_once(): Failed opening '../includes/functions.php' for inclusion (include_path='.;C:\php\pear') in C:\wamp64\www\BookIT\public\forgot_password.php on line 6
[20-Jan-2026 14:06:30 Asia/Manila] PHP Stack trace:
[20-Jan-2026 14:06:30 Asia/Manila] PHP   1. {main}() C:\wamp64\www\BookIT\simulate_forgot_post.php:0
[20-Jan-2026 14:06:30 Asia/Manila] PHP   2. include() C:\wamp64\www\BookIT\simulate_forgot_post.php:53
[20-Jan-2026 14:06:30 Asia/Manila] PHP Warning:  include_once(../config/file_paths.php): Failed to open stream: No such file or directory in C:\wamp64\www\BookIT\public\forgot_password.php on line 7
[20-Jan-2026 14:06:30 Asia/Manila] PHP Stack trace:
[20-Jan-2026 14:06:30 Asia/Manila] PHP   1. {main}() C:\wamp64\www\BookIT\simulate_forgot_post.php:0
[20-Jan-2026 14:06:30 Asia/Manila] PHP   2. include() C:\wamp64\www\BookIT\simulate_forgot_post.php:53
[20-Jan-2026 14:06:30 Asia/Manila] PHP Warning:  include_once(): Failed opening '../config/file_paths.php' for inclusion (include_path='.;C:\php\pear') in C:\wamp64\www\BookIT\public\forgot_password.php on line 7
[20-Jan-2026 14:06:30 Asia/Manila] PHP Stack trace:
[20-Jan-2026 14:06:30 Asia/Manila] PHP   1. {main}() C:\wamp64\www\BookIT\simulate_forgot_post.php:0
[20-Jan-2026 14:06:30 Asia/Manila] PHP   2. include() C:\wamp64\www\BookIT\simulate_forgot_post.php:53
[20-Jan-2026 14:06:30 Asia/Manila] Prepare failed: You have an error in your SQL syntax; check the manual that corresponds to your MySQL server version for the right syntax to use near 'IF NOT EXISTS otp_code VARCHAR(10) NULL, ADD COLUMN IF NOT EXISTS otp_expiry DAT' at line 1 | SQL: ALTER TABLE users ADD COLUMN IF NOT EXISTS otp_code VARCHAR(10) NULL, ADD COLUMN IF NOT EXISTS otp_expiry DATETIME NULL, ADD COLUMN IF NOT EXISTS otp_attempts INT DEFAULT 0
[20-Jan-2026 14:06:30 Asia/Manila] Prepare failed: Unknown column 'otp_code' in 'field list' | SQL: UPDATE users SET otp_code = ?, otp_expiry = ?, otp_attempts = 0 WHERE user_id = ?
[20-Jan-2026 14:06:58 Asia/Manila] PHP Fatal error:  Uncaught Error: Call to undefined function get_single_result() in C:\wamp64\www\BookIT\simulate_forgot_post.php:22
Stack trace:
#0 {main}
  thrown in C:\wamp64\www\BookIT\simulate_forgot_post.php on line 22
[20-Jan-2026 14:07:22 Asia/Manila] PHP Warning:  require_once(C:\wamp64\www\BookIT/../includes/functions.php): Failed to open stream: No such file or directory in C:\wamp64\www\BookIT\simulate_forgot_post.php on line 8
[20-Jan-2026 14:07:22 Asia/Manila] PHP Stack trace:
[20-Jan-2026 14:07:22 Asia/Manila] PHP   1. {main}() C:\wamp64\www\BookIT\simulate_forgot_post.php:0
[20-Jan-2026 14:07:22 Asia/Manila] PHP Fatal error:  Uncaught Error: Failed opening required 'C:\wamp64\www\BookIT/../includes/functions.php' (include_path='.;C:\php\pear') in C:\wamp64\www\BookIT\simulate_forgot_post.php:8
Stack trace:
#0 {main}
  thrown in C:\wamp64\www\BookIT\simulate_forgot_post.php on line 8
[20-Jan-2026 14:07:48 Asia/Manila] PHP Warning:  session_start(): Session cannot be started after headers have already been sent in C:\wamp64\www\BookIT\includes\public_session.php on line 5
[20-Jan-2026 14:07:48 Asia/Manila] PHP Stack trace:
[20-Jan-2026 14:07:48 Asia/Manila] PHP   1. {main}() C:\wamp64\www\BookIT\simulate_forgot_post.php:0
[20-Jan-2026 14:07:48 Asia/Manila] PHP   2. include() C:\wamp64\www\BookIT\simulate_forgot_post.php:54
[20-Jan-2026 14:07:48 Asia/Manila] PHP   3. include_once() C:\wamp64\www\BookIT\public\forgot_password.php:5
[20-Jan-2026 14:07:48 Asia/Manila] PHP   4. session_start() C:\wamp64\www\BookIT\includes\public_session.php:5
[20-Jan-2026 14:07:48 Asia/Manila] Prepare failed: You have an error in your SQL syntax; check the manual that corresponds to your MySQL server version for the right syntax to use near 'IF NOT EXISTS otp_code VARCHAR(10) NULL, ADD COLUMN IF NOT EXISTS otp_expiry DAT' at line 1 | SQL: ALTER TABLE users ADD COLUMN IF NOT EXISTS otp_code VARCHAR(10) NULL, ADD COLUMN IF NOT EXISTS otp_expiry DATETIME NULL, ADD COLUMN IF NOT EXISTS otp_attempts INT DEFAULT 0
[20-Jan-2026 14:07:48 Asia/Manila] Prepare failed: Unknown column 'otp_code' in 'field list' | SQL: UPDATE users SET otp_code = ?, otp_expiry = ?, otp_attempts = 0 WHERE user_id = ?
[20-Jan-2026 14:08:53 Asia/Manila] PHP Notice:  session_start(): Ignoring session_start() because a session is already active in C:\wamp64\www\BookIT\includes\public_session.php on line 5
[20-Jan-2026 14:08:53 Asia/Manila] PHP Stack trace:
[20-Jan-2026 14:08:53 Asia/Manila] PHP   1. {main}() C:\wamp64\www\BookIT\simulate_forgot_post.php:0
[20-Jan-2026 14:08:53 Asia/Manila] PHP   2. include() C:\wamp64\www\BookIT\simulate_forgot_post.php:57
[20-Jan-2026 14:08:53 Asia/Manila] PHP   3. include_once() C:\wamp64\www\BookIT\public\forgot_password.php:5
[20-Jan-2026 14:08:53 Asia/Manila] PHP   4. session_start() C:\wamp64\www\BookIT\includes\public_session.php:5
[20-Jan-2026 14:08:53 Asia/Manila] Prepare failed: You have an error in your SQL syntax; check the manual that corresponds to your MySQL server version for the right syntax to use near 'IF NOT EXISTS otp_code VARCHAR(10) NULL, ADD COLUMN IF NOT EXISTS otp_expiry DAT' at line 1 | SQL: ALTER TABLE users ADD COLUMN IF NOT EXISTS otp_code VARCHAR(10) NULL, ADD COLUMN IF NOT EXISTS otp_expiry DATETIME NULL, ADD COLUMN IF NOT EXISTS otp_attempts INT DEFAULT 0
[20-Jan-2026 14:08:53 Asia/Manila] Prepare failed: Unknown column 'otp_code' in 'field list' | SQL: UPDATE users SET otp_code = ?, otp_expiry = ?, otp_attempts = 0 WHERE user_id = ?
[20-Jan-2026 14:16:30 Asia/Manila] PHP Notice:  session_start(): Ignoring session_start() because a session is already active in C:\wamp64\www\BookIT\includes\public_session.php on line 5
[20-Jan-2026 14:16:30 Asia/Manila] PHP Stack trace:
[20-Jan-2026 14:16:30 Asia/Manila] PHP   1. {main}() C:\wamp64\www\BookIT\simulate_forgot_post.php:0
[20-Jan-2026 14:16:30 Asia/Manila] PHP   2. include() C:\wamp64\www\BookIT\simulate_forgot_post.php:57
[20-Jan-2026 14:16:30 Asia/Manila] PHP   3. include_once() C:\wamp64\www\BookIT\public\forgot_password.php:5
[20-Jan-2026 14:16:30 Asia/Manila] PHP   4. session_start() C:\wamp64\www\BookIT\includes\public_session.php:5
[20-Jan-2026 14:16:30 Asia/Manila] Prepare failed: You have an error in your SQL syntax; check the manual that corresponds to your MySQL server version for the right syntax to use near 'IF NOT EXISTS otp_code VARCHAR(10) NULL, ADD COLUMN IF NOT EXISTS otp_expiry DAT' at line 1 | SQL: ALTER TABLE users ADD COLUMN IF NOT EXISTS otp_code VARCHAR(10) NULL, ADD COLUMN IF NOT EXISTS otp_expiry DATETIME NULL, ADD COLUMN IF NOT EXISTS otp_attempts INT DEFAULT 0
[20-Jan-2026 14:16:33 Asia/Manila] PHPMailer: Email sent to: cli_test_user@example.com
[20-Jan-2026 14:16:33 Asia/Manila] PHP Warning:  Cannot modify header information - headers already sent by (output started at C:\wamp64\www\BookIT\simulate_forgot_post.php:43) in C:\wamp64\www\BookIT\public\forgot_password.php on line 110
[20-Jan-2026 14:16:33 Asia/Manila] PHP Stack trace:
[20-Jan-2026 14:16:33 Asia/Manila] PHP   1. {main}() C:\wamp64\www\BookIT\simulate_forgot_post.php:0
[20-Jan-2026 14:16:33 Asia/Manila] PHP   2. include() C:\wamp64\www\BookIT\simulate_forgot_post.php:57
[20-Jan-2026 14:16:33 Asia/Manila] PHP   3. header($header = 'Location: verify_otp.php') C:\wamp64\www\BookIT\public\forgot_password.php:110
[20-Jan-2026 14:19:05 Asia/Manila] PHP Notice:  session_start(): Ignoring session_start() because a session is already active in C:\wamp64\www\BookIT\includes\public_session.php on line 5
[20-Jan-2026 14:19:05 Asia/Manila] PHP Stack trace:
[20-Jan-2026 14:19:05 Asia/Manila] PHP   1. {main}() C:\wamp64\www\BookIT\simulate_forgot_post.php:0
[20-Jan-2026 14:19:05 Asia/Manila] PHP   2. include() C:\wamp64\www\BookIT\simulate_forgot_post.php:61
[20-Jan-2026 14:19:05 Asia/Manila] PHP   3. include_once() C:\wamp64\www\BookIT\public\forgot_password.php:5
[20-Jan-2026 14:19:05 Asia/Manila] PHP   4. session_start() C:\wamp64\www\BookIT\includes\public_session.php:5
[20-Jan-2026 14:19:05 Asia/Manila] Prepare failed: You have an error in your SQL syntax; check the manual that corresponds to your MySQL server version for the right syntax to use near 'IF NOT EXISTS otp_code VARCHAR(10) NULL, ADD COLUMN IF NOT EXISTS otp_expiry DAT' at line 1 | SQL: ALTER TABLE users ADD COLUMN IF NOT EXISTS otp_code VARCHAR(10) NULL, ADD COLUMN IF NOT EXISTS otp_expiry DATETIME NULL, ADD COLUMN IF NOT EXISTS otp_attempts INT DEFAULT 0
[20-Jan-2026 14:19:08 Asia/Manila] PHPMailer: Email sent to: cli_test_user@example.com
[21-Jan-2026 08:28:52 Asia/Manila] PHP Warning:  Undefined property: mysqli::$database in C:\wamp64\www\BookIT\create_admin.php on line 52
[21-Jan-2026 08:28:52 Asia/Manila] PHP Stack trace:
[21-Jan-2026 08:28:52 Asia/Manila] PHP   1. {main}() C:\wamp64\www\BookIT\create_admin.php:0
[21-Jan-2026 08:34:51 Asia/Manila] Exception in execute_query: Unknown column 'reservation_status' in 'field list'
[21-Jan-2026 09:24:00 Asia/Manila] PHP Fatal error:  Uncaught Error: mysqli object is already closed in C:\wamp64\www\BookIT\config\db.php:209
Stack trace:
#0 C:\wamp64\www\BookIT\config\db.php(209): mysqli->close()
#1 [internal function]: close_connection()
#2 {main}
  thrown in C:\wamp64\www\BookIT\config\db.php on line 209
[21-Jan-2026 09:46:16 Asia/Manila] PHP Warning:  Trying to access array offset on null in C:\wamp64\www\BookIT\renter\profile.php on line 218
[21-Jan-2026 09:46:16 Asia/Manila] PHP Stack trace:
[21-Jan-2026 09:46:16 Asia/Manila] PHP   1. {main}() C:\wamp64\www\BookIT\renter\profile.php:0
[21-Jan-2026 09:46:16 Asia/Manila] PHP Deprecated:  urlencode(): Passing null to parameter #1 ($string) of type string is deprecated in C:\wamp64\www\BookIT\renter\profile.php on line 218
[21-Jan-2026 09:46:16 Asia/Manila] PHP Stack trace:
[21-Jan-2026 09:46:16 Asia/Manila] PHP   1. {main}() C:\wamp64\www\BookIT\renter\profile.php:0
[21-Jan-2026 09:46:16 Asia/Manila] PHP   2. urlencode($string = NULL) C:\wamp64\www\BookIT\renter\profile.php:218
[21-Jan-2026 09:46:16 Asia/Manila] PHP Warning:  Trying to access array offset on null in C:\wamp64\www\BookIT\renter\profile.php on line 350
[21-Jan-2026 09:46:16 Asia/Manila] PHP Stack trace:
[21-Jan-2026 09:46:16 Asia/Manila] PHP   1. {main}() C:\wamp64\www\BookIT\renter\profile.php:0
[21-Jan-2026 09:46:16 Asia/Manila] PHP Warning:  Trying to access array offset on null in C:\wamp64\www\BookIT\renter\profile.php on line 355
[21-Jan-2026 09:46:16 Asia/Manila] PHP Stack trace:
[21-Jan-2026 09:46:16 Asia/Manila] PHP   1. {main}() C:\wamp64\www\BookIT\renter\profile.php:0
[21-Jan-2026 09:46:16 Asia/Manila] PHP Warning:  Trying to access array offset on null in C:\wamp64\www\BookIT\renter\profile.php on line 474
[21-Jan-2026 09:46:16 Asia/Manila] PHP Stack trace:
[21-Jan-2026 09:46:16 Asia/Manila] PHP   1. {main}() C:\wamp64\www\BookIT\renter\profile.php:0
[21-Jan-2026 09:46:16 Asia/Manila] PHP Warning:  Trying to access array offset on null in C:\wamp64\www\BookIT\renter\profile.php on line 480
[21-Jan-2026 09:46:16 Asia/Manila] PHP Stack trace:
[21-Jan-2026 09:46:16 Asia/Manila] PHP   1. {main}() C:\wamp64\www\BookIT\renter\profile.php:0
[21-Jan-2026 09:46:16 Asia/Manila] PHP Deprecated:  strtotime(): Passing null to parameter #1 ($datetime) of type string is deprecated in C:\wamp64\www\BookIT\renter\profile.php on line 480
[21-Jan-2026 09:46:16 Asia/Manila] PHP Stack trace:
[21-Jan-2026 09:46:16 Asia/Manila] PHP   1. {main}() C:\wamp64\www\BookIT\renter\profile.php:0
[21-Jan-2026 09:46:16 Asia/Manila] PHP   2. strtotime($datetime = NULL) C:\wamp64\www\BookIT\renter\profile.php:480
[21-Jan-2026 09:46:18 Asia/Manila] PHP Warning:  Trying to access array offset on null in C:\wamp64\www\BookIT\renter\profile.php on line 218
[21-Jan-2026 09:46:18 Asia/Manila] PHP Stack trace:
[21-Jan-2026 09:46:18 Asia/Manila] PHP   1. {main}() C:\wamp64\www\BookIT\renter\profile.php:0
[21-Jan-2026 09:46:18 Asia/Manila] PHP Deprecated:  urlencode(): Passing null to parameter #1 ($string) of type string is deprecated in C:\wamp64\www\BookIT\renter\profile.php on line 218
[21-Jan-2026 09:46:18 Asia/Manila] PHP Stack trace:
[21-Jan-2026 09:46:18 Asia/Manila] PHP   1. {main}() C:\wamp64\www\BookIT\renter\profile.php:0
[21-Jan-2026 09:46:18 Asia/Manila] PHP   2. urlencode($string = NULL) C:\wamp64\www\BookIT\renter\profile.php:218
[21-Jan-2026 09:46:18 Asia/Manila] PHP Warning:  Trying to access array offset on null in C:\wamp64\www\BookIT\renter\profile.php on line 350
[21-Jan-2026 09:46:18 Asia/Manila] PHP Stack trace:
[21-Jan-2026 09:46:18 Asia/Manila] PHP   1. {main}() C:\wamp64\www\BookIT\renter\profile.php:0
[21-Jan-2026 09:46:18 Asia/Manila] PHP Warning:  Trying to access array offset on null in C:\wamp64\www\BookIT\renter\profile.php on line 355
[21-Jan-2026 09:46:18 Asia/Manila] PHP Stack trace:
[21-Jan-2026 09:46:18 Asia/Manila] PHP   1. {main}() C:\wamp64\www\BookIT\renter\profile.php:0
[21-Jan-2026 09:46:18 Asia/Manila] PHP Warning:  Trying to access array offset on null in C:\wamp64\www\BookIT\renter\profile.php on line 474
[21-Jan-2026 09:46:18 Asia/Manila] PHP Stack trace:
[21-Jan-2026 09:46:18 Asia/Manila] PHP   1. {main}() C:\wamp64\www\BookIT\renter\profile.php:0
[21-Jan-2026 09:46:18 Asia/Manila] PHP Warning:  Trying to access array offset on null in C:\wamp64\www\BookIT\renter\profile.php on line 480
[21-Jan-2026 09:46:18 Asia/Manila] PHP Stack trace:
[21-Jan-2026 09:46:18 Asia/Manila] PHP   1. {main}() C:\wamp64\www\BookIT\renter\profile.php:0
[21-Jan-2026 09:46:18 Asia/Manila] PHP Deprecated:  strtotime(): Passing null to parameter #1 ($datetime) of type string is deprecated in C:\wamp64\www\BookIT\renter\profile.php on line 480
[21-Jan-2026 09:46:18 Asia/Manila] PHP Stack trace:
[21-Jan-2026 09:46:18 Asia/Manila] PHP   1. {main}() C:\wamp64\www\BookIT\renter\profile.php:0
[21-Jan-2026 09:46:18 Asia/Manila] PHP   2. strtotime($datetime = NULL) C:\wamp64\www\BookIT\renter\profile.php:480
[21-Jan-2026 09:46:18 Asia/Manila] PHP Warning:  Trying to access array offset on null in C:\wamp64\www\BookIT\renter\profile.php on line 218
[21-Jan-2026 09:46:18 Asia/Manila] PHP Stack trace:
[21-Jan-2026 09:46:18 Asia/Manila] PHP   1. {main}() C:\wamp64\www\BookIT\renter\profile.php:0
[21-Jan-2026 09:46:18 Asia/Manila] PHP Deprecated:  urlencode(): Passing null to parameter #1 ($string) of type string is deprecated in C:\wamp64\www\BookIT\renter\profile.php on line 218
[21-Jan-2026 09:46:18 Asia/Manila] PHP Stack trace:
[21-Jan-2026 09:46:18 Asia/Manila] PHP   1. {main}() C:\wamp64\www\BookIT\renter\profile.php:0
[21-Jan-2026 09:46:18 Asia/Manila] PHP   2. urlencode($string = NULL) C:\wamp64\www\BookIT\renter\profile.php:218
[21-Jan-2026 09:46:18 Asia/Manila] PHP Warning:  Trying to access array offset on null in C:\wamp64\www\BookIT\renter\profile.php on line 350
[21-Jan-2026 09:46:18 Asia/Manila] PHP Stack trace:
[21-Jan-2026 09:46:18 Asia/Manila] PHP   1. {main}() C:\wamp64\www\BookIT\renter\profile.php:0
[21-Jan-2026 09:46:18 Asia/Manila] PHP Warning:  Trying to access array offset on null in C:\wamp64\www\BookIT\renter\profile.php on line 355
[21-Jan-2026 09:46:18 Asia/Manila] PHP Stack trace:
[21-Jan-2026 09:46:18 Asia/Manila] PHP   1. {main}() C:\wamp64\www\BookIT\renter\profile.php:0
[21-Jan-2026 09:46:18 Asia/Manila] PHP Warning:  Trying to access array offset on null in C:\wamp64\www\BookIT\renter\profile.php on line 474
[21-Jan-2026 09:46:18 Asia/Manila] PHP Stack trace:
[21-Jan-2026 09:46:18 Asia/Manila] PHP   1. {main}() C:\wamp64\www\BookIT\renter\profile.php:0
[21-Jan-2026 09:46:18 Asia/Manila] PHP Warning:  Trying to access array offset on null in C:\wamp64\www\BookIT\renter\profile.php on line 480
[21-Jan-2026 09:46:18 Asia/Manila] PHP Stack trace:
[21-Jan-2026 09:46:18 Asia/Manila] PHP   1. {main}() C:\wamp64\www\BookIT\renter\profile.php:0
[21-Jan-2026 09:46:18 Asia/Manila] PHP Deprecated:  strtotime(): Passing null to parameter #1 ($datetime) of type string is deprecated in C:\wamp64\www\BookIT\renter\profile.php on line 480
[21-Jan-2026 09:46:18 Asia/Manila] PHP Stack trace:
[21-Jan-2026 09:46:18 Asia/Manila] PHP   1. {main}() C:\wamp64\www\BookIT\renter\profile.php:0
[21-Jan-2026 09:46:18 Asia/Manila] PHP   2. strtotime($datetime = NULL) C:\wamp64\www\BookIT\renter\profile.php:480
[21-Jan-2026 09:46:19 Asia/Manila] PHP Warning:  Trying to access array offset on null in C:\wamp64\www\BookIT\renter\profile.php on line 218
[21-Jan-2026 09:46:19 Asia/Manila] PHP Stack trace:
[21-Jan-2026 09:46:19 Asia/Manila] PHP   1. {main}() C:\wamp64\www\BookIT\renter\profile.php:0
[21-Jan-2026 09:46:19 Asia/Manila] PHP Deprecated:  urlencode(): Passing null to parameter #1 ($string) of type string is deprecated in C:\wamp64\www\BookIT\renter\profile.php on line 218
[21-Jan-2026 09:46:19 Asia/Manila] PHP Stack trace:
[21-Jan-2026 09:46:19 Asia/Manila] PHP   1. {main}() C:\wamp64\www\BookIT\renter\profile.php:0
[21-Jan-2026 09:46:19 Asia/Manila] PHP   2. urlencode($string = NULL) C:\wamp64\www\BookIT\renter\profile.php:218
[21-Jan-2026 09:46:19 Asia/Manila] PHP Warning:  Trying to access array offset on null in C:\wamp64\www\BookIT\renter\profile.php on line 350
[21-Jan-2026 09:46:19 Asia/Manila] PHP Stack trace:
[21-Jan-2026 09:46:19 Asia/Manila] PHP   1. {main}() C:\wamp64\www\BookIT\renter\profile.php:0
[21-Jan-2026 09:46:19 Asia/Manila] PHP Warning:  Trying to access array offset on null in C:\wamp64\www\BookIT\renter\profile.php on line 355
[21-Jan-2026 09:46:19 Asia/Manila] PHP Stack trace:
[21-Jan-2026 09:46:19 Asia/Manila] PHP   1. {main}() C:\wamp64\www\BookIT\renter\profile.php:0
[21-Jan-2026 09:46:19 Asia/Manila] PHP Warning:  Trying to access array offset on null in C:\wamp64\www\BookIT\renter\profile.php on line 474
[21-Jan-2026 09:46:19 Asia/Manila] PHP Stack trace:
[21-Jan-2026 09:46:19 Asia/Manila] PHP   1. {main}() C:\wamp64\www\BookIT\renter\profile.php:0
[21-Jan-2026 09:46:19 Asia/Manila] PHP Warning:  Trying to access array offset on null in C:\wamp64\www\BookIT\renter\profile.php on line 480
[21-Jan-2026 09:46:19 Asia/Manila] PHP Stack trace:
[21-Jan-2026 09:46:19 Asia/Manila] PHP   1. {main}() C:\wamp64\www\BookIT\renter\profile.php:0
[21-Jan-2026 09:46:19 Asia/Manila] PHP Deprecated:  strtotime(): Passing null to parameter #1 ($datetime) of type string is deprecated in C:\wamp64\www\BookIT\renter\profile.php on line 480
[21-Jan-2026 09:46:19 Asia/Manila] PHP Stack trace:
[21-Jan-2026 09:46:19 Asia/Manila] PHP   1. {main}() C:\wamp64\www\BookIT\renter\profile.php:0
[21-Jan-2026 09:46:19 Asia/Manila] PHP   2. strtotime($datetime = NULL) C:\wamp64\www\BookIT\renter\profile.php:480
[21-Jan-2026 11:43:59 Asia/Manila] Exception in execute_query: You have an error in your SQL syntax; check the manual that corresponds to your MySQL server version for the right syntax to use near 'IF NOT EXISTS otp_code VARCHAR(10) NULL, ADD COLUMN IF NOT EXISTS otp_expiry DAT' at line 1
[21-Jan-2026 11:43:59 Asia/Manila] Exception in execute_query: Unknown column 'otp_code' in 'field list'
[21-Jan-2026 12:07:24 Asia/Manila] PHP Fatal error:  Uncaught mysqli_sql_exception: Unknown column 'branch_id' in 'where clause' in C:\wamp64\www\BookIT\config\db.php:25
Stack trace:
#0 C:\wamp64\www\BookIT\config\db.php(25): mysqli->prepare('SELECT AVG(rati...')
#1 C:\wamp64\www\BookIT\public\index.php(377): get_single_result('SELECT AVG(rati...', Array)
#2 {main}
  thrown in C:\wamp64\www\BookIT\config\db.php on line 25
[21-Jan-2026 12:07:49 Asia/Manila] PHP Fatal error:  Uncaught mysqli_sql_exception: Unknown column 'branch_id' in 'where clause' in C:\wamp64\www\BookIT\config\db.php:25
Stack trace:
#0 C:\wamp64\www\BookIT\config\db.php(25): mysqli->prepare('SELECT AVG(rati...')
#1 C:\wamp64\www\BookIT\public\index.php(377): get_single_result('SELECT AVG(rati...', Array)
#2 {main}
  thrown in C:\wamp64\www\BookIT\config\db.php on line 25
[21-Jan-2026 12:08:16 Asia/Manila] PHP Fatal error:  Uncaught mysqli_sql_exception: Unknown column 'u.host_id' in 'on clause' in C:\wamp64\www\BookIT\config\db.php:85
Stack trace:
#0 C:\wamp64\www\BookIT\config\db.php(85): mysqli->prepare('SELECT u.*, b.b...')
#1 C:\wamp64\www\BookIT\includes\functions.php(251): get_multiple_results('SELECT u.*, b.b...', Array)
#2 C:\wamp64\www\BookIT\renter\reserve_unit.php(28): getAvailableUnits('2', '2026-01-21', '2026-01-22')
#3 {main}
  thrown in C:\wamp64\www\BookIT\config\db.php on line 85
[21-Jan-2026 12:08:33 Asia/Manila] PHP Fatal error:  Uncaught mysqli_sql_exception: Unknown column 'branch_id' in 'where clause' in C:\wamp64\www\BookIT\config\db.php:25
Stack trace:
#0 C:\wamp64\www\BookIT\config\db.php(25): mysqli->prepare('SELECT AVG(rati...')
#1 C:\wamp64\www\BookIT\public\index.php(377): get_single_result('SELECT AVG(rati...', Array)
#2 {main}
  thrown in C:\wamp64\www\BookIT\config\db.php on line 25
[21-Jan-2026 12:09:21 Asia/Manila] PHP Fatal error:  Uncaught mysqli_sql_exception: Unknown column 'branch_id' in 'where clause' in C:\wamp64\www\BookIT\config\db.php:25
Stack trace:
#0 C:\wamp64\www\BookIT\config\db.php(25): mysqli->prepare('SELECT AVG(rati...')
#1 C:\wamp64\www\BookIT\public\index.php(377): get_single_result('SELECT AVG(rati...', Array)
#2 {main}
  thrown in C:\wamp64\www\BookIT\config\db.php on line 25
[21-Jan-2026 12:09:29 Asia/Manila] PHP Fatal error:  Uncaught mysqli_sql_exception: Unknown column 'branch_id' in 'where clause' in C:\wamp64\www\BookIT\config\db.php:25
Stack trace:
#0 C:\wamp64\www\BookIT\config\db.php(25): mysqli->prepare('SELECT AVG(rati...')
#1 C:\wamp64\www\BookIT\public\index.php(377): get_single_result('SELECT AVG(rati...', Array)
#2 {main}
  thrown in C:\wamp64\www\BookIT\config\db.php on line 25
[21-Jan-2026 12:12:35 Asia/Manila] PHP Fatal error:  Uncaught mysqli_sql_exception: You have an error in your SQL syntax; check the manual that corresponds to your MySQL server version for the right syntax to use near '?' at line 1 in C:\wamp64\www\BookIT\config\db.php:222
Stack trace:
#0 C:\wamp64\www\BookIT\config\db.php(222): mysqli->prepare('SHOW COLUMNS FR...')
#1 C:\wamp64\www\BookIT\public\index.php(378): column_exists('reviews', 'branch_id')
#2 {main}
  thrown in C:\wamp64\www\BookIT\config\db.php on line 222
[21-Jan-2026 12:12:37 Asia/Manila] PHP Fatal error:  Uncaught mysqli_sql_exception: You have an error in your SQL syntax; check the manual that corresponds to your MySQL server version for the right syntax to use near '?' at line 1 in C:\wamp64\www\BookIT\config\db.php:222
Stack trace:
#0 C:\wamp64\www\BookIT\config\db.php(222): mysqli->prepare('SHOW COLUMNS FR...')
#1 C:\wamp64\www\BookIT\public\index.php(378): column_exists('reviews', 'branch_id')
#2 {main}
  thrown in C:\wamp64\www\BookIT\config\db.php on line 222
[21-Jan-2026 12:13:14 Asia/Manila] UNAUTHORIZED ACCESS ATTEMPT: User ID: 3 attempted to access page requiring roles: host, manager (Current role: renter) at /BookIT/host/host_dashboard.php
[21-Jan-2026 12:13:21 Asia/Manila] PHP Fatal error:  Uncaught mysqli_sql_exception: You have an error in your SQL syntax; check the manual that corresponds to your MySQL server version for the right syntax to use near '?' at line 1 in C:\wamp64\www\BookIT\config\db.php:222
Stack trace:
#0 C:\wamp64\www\BookIT\config\db.php(222): mysqli->prepare('SHOW COLUMNS FR...')
#1 C:\wamp64\www\BookIT\public\index.php(378): column_exists('reviews', 'branch_id')
#2 {main}
  thrown in C:\wamp64\www\BookIT\config\db.php on line 222
[21-Jan-2026 12:13:55 Asia/Manila] PHP Fatal error:  Uncaught mysqli_sql_exception: Unknown column 'b.host_id' in 'on clause' in C:\wamp64\www\BookIT\config\db.php:85
Stack trace:
#0 C:\wamp64\www\BookIT\config\db.php(85): mysqli->prepare('SELECT b.*, u.f...')
#1 C:\wamp64\www\BookIT\includes\functions.php(166): get_multiple_results('SELECT b.*, u.f...')
#2 C:\wamp64\www\BookIT\public\browse_units.php(10): getAllBranches()
#3 {main}
  thrown in C:\wamp64\www\BookIT\config\db.php on line 85
[21-Jan-2026 12:14:26 Asia/Manila] PHP Fatal error:  Uncaught mysqli_sql_exception: Unknown column 'u.price' in 'field list' in C:\wamp64\www\BookIT\config\db.php:25
Stack trace:
#0 C:\wamp64\www\BookIT\config\db.php(25): mysqli->prepare('SELECT MIN(COAL...')
#1 C:\wamp64\www\BookIT\public\index.php(367): get_single_result('SELECT MIN(COAL...', Array)
#2 {main}
  thrown in C:\wamp64\www\BookIT\config\db.php on line 25
[21-Jan-2026 12:14:35 Asia/Manila] PHP Fatal error:  Uncaught mysqli_sql_exception: Unknown column 'b.host_id' in 'on clause' in C:\wamp64\www\BookIT\config\db.php:25
Stack trace:
#0 C:\wamp64\www\BookIT\config\db.php(25): mysqli->prepare('SELECT b.*, u.f...')
#1 C:\wamp64\www\BookIT\includes\functions.php(179): get_single_result('SELECT b.*, u.f...', Array)
#2 C:\wamp64\www\BookIT\public\branch_details.php(7): getBranchById(2)
#3 {main}
  thrown in C:\wamp64\www\BookIT\config\db.php on line 25
[21-Jan-2026 12:17:39 Asia/Manila] PHP Fatal error:  Uncaught mysqli_sql_exception: Unknown column 'b.host_id' in 'on clause' in C:\wamp64\www\BookIT\config\db.php:85
Stack trace:
#0 C:\wamp64\www\BookIT\config\db.php(85): mysqli->prepare('SELECT b.*, u.f...')
#1 C:\wamp64\www\BookIT\includes\functions.php(166): get_multiple_results('SELECT b.*, u.f...')
#2 C:\wamp64\www\BookIT\public\browse_units.php(10): getAllBranches()
#3 {main}
  thrown in C:\wamp64\www\BookIT\config\db.php on line 85
[21-Jan-2026 12:20:57 Asia/Manila] PHP Warning:  include_once(../config/db.php): Failed to open stream: No such file or directory in C:\wamp64\www\BookIT\includes\functions.php on line 5
[21-Jan-2026 12:20:57 Asia/Manila] PHP Stack trace:
[21-Jan-2026 12:20:57 Asia/Manila] PHP   1. {main}() C:\wamp64\www\BookIT\modules\api\get_unit_bookings.php:0
[21-Jan-2026 12:20:57 Asia/Manila] PHP   2. include_once() C:\wamp64\www\BookIT\modules\api\get_unit_bookings.php:4
[21-Jan-2026 12:20:57 Asia/Manila] PHP Warning:  include_once(): Failed opening '../config/db.php' for inclusion (include_path='.;C:\php\pear') in C:\wamp64\www\BookIT\includes\functions.php on line 5
[21-Jan-2026 12:20:57 Asia/Manila] PHP Stack trace:
[21-Jan-2026 12:20:57 Asia/Manila] PHP   1. {main}() C:\wamp64\www\BookIT\modules\api\get_unit_bookings.php:0
[21-Jan-2026 12:20:57 Asia/Manila] PHP   2. include_once() C:\wamp64\www\BookIT\modules\api\get_unit_bookings.php:4
[21-Jan-2026 12:20:57 Asia/Manila] PHP Fatal error:  Uncaught Error: Call to undefined function get_multiple_results() in C:\wamp64\www\BookIT\modules\api\get_unit_bookings.php:15
Stack trace:
#0 {main}
  thrown in C:\wamp64\www\BookIT\modules\api\get_unit_bookings.php on line 15
[21-Jan-2026 12:21:23 Asia/Manila] PHP Warning:  include_once(../config/db.php): Failed to open stream: No such file or directory in C:\wamp64\www\BookIT\includes\functions.php on line 5
[21-Jan-2026 12:21:23 Asia/Manila] PHP Stack trace:
[21-Jan-2026 12:21:23 Asia/Manila] PHP   1. {main}() C:\wamp64\www\BookIT\modules\api\get_unit_bookings.php:0
[21-Jan-2026 12:21:23 Asia/Manila] PHP   2. include_once() C:\wamp64\www\BookIT\modules\api\get_unit_bookings.php:4
[21-Jan-2026 12:21:23 Asia/Manila] PHP Warning:  include_once(): Failed opening '../config/db.php' for inclusion (include_path='.;C:\php\pear') in C:\wamp64\www\BookIT\includes\functions.php on line 5
[21-Jan-2026 12:21:23 Asia/Manila] PHP Stack trace:
[21-Jan-2026 12:21:23 Asia/Manila] PHP   1. {main}() C:\wamp64\www\BookIT\modules\api\get_unit_bookings.php:0
[21-Jan-2026 12:21:23 Asia/Manila] PHP   2. include_once() C:\wamp64\www\BookIT\modules\api\get_unit_bookings.php:4
[21-Jan-2026 12:21:23 Asia/Manila] PHP Fatal error:  Uncaught Error: Call to undefined function get_multiple_results() in C:\wamp64\www\BookIT\modules\api\get_unit_bookings.php:15
Stack trace:
#0 {main}
  thrown in C:\wamp64\www\BookIT\modules\api\get_unit_bookings.php on line 15
[21-Jan-2026 12:21:32 Asia/Manila] UNAUTHORIZED ACCESS ATTEMPT: User ID: 3 attempted to access page requiring roles: host, manager (Current role: renter) at /BookIT/host/host_dashboard.php
[21-Jan-2026 12:24:14 Asia/Manila] PHP Warning:  Undefined array key "manager_name" in C:\wamp64\www\BookIT\public\host_register.php on line 7
[21-Jan-2026 12:24:14 Asia/Manila] PHP Stack trace:
[21-Jan-2026 12:24:14 Asia/Manila] PHP   1. {main}() C:\wamp64\www\BookIT\public\host_register.php:0
[21-Jan-2026 12:24:14 Asia/Manila] PHP Deprecated:  mysqli_real_escape_string(): Passing null to parameter #2 ($string) of type string is deprecated in C:\wamp64\www\BookIT\public\host_register.php on line 7
[21-Jan-2026 12:24:14 Asia/Manila] PHP Stack trace:
[21-Jan-2026 12:24:14 Asia/Manila] PHP   1. {main}() C:\wamp64\www\BookIT\public\host_register.php:0
[21-Jan-2026 12:24:14 Asia/Manila] PHP   2. mysqli_real_escape_string($mysql = class mysqli { public $affected_rows = 0; public $client_info = 'mysqlnd 8.3.28'; public $client_version = 80328; public $connect_errno = 0; public $connect_error = NULL; public $errno = 0; public $error = ''; public $error_list = []; public $field_count = 0; public $host_info = 'localhost via TCP/IP'; public $info = NULL; public $insert_id = 0; public $server_info = '8.4.7'; public $server_version = 80407; public $sqlstate = '00000'; public $protocol_version = 10; public $thread_id = 5204; public $warning_count = 0 }, $string = NULL) C:\wamp64\www\BookIT\public\host_register.php:7
[21-Jan-2026 12:27:42 Asia/Manila] PHP Fatal error:  Uncaught mysqli_sql_exception: Unknown column 'condo_name' in 'field list' in C:\wamp64\www\BookIT\public\host_register.php:89
Stack trace:
#0 C:\wamp64\www\BookIT\public\host_register.php(89): mysqli_query(Object(mysqli), 'INSERT INTO use...')
#1 {main}
  thrown in C:\wamp64\www\BookIT\public\host_register.php on line 89
[21-Jan-2026 12:31:19 Asia/Manila] UNAUTHORIZED ACCESS ATTEMPT: User ID: 4 attempted to access page requiring roles: admin (Current role: ) at /BookIT/admin/admin_dashboard.php
[21-Jan-2026 12:31:20 Asia/Manila] UNAUTHORIZED ACCESS ATTEMPT: User ID: 4 attempted to access page requiring roles: admin (Current role: ) at /BookIT/admin/admin_dashboard.php
[21-Jan-2026 12:31:20 Asia/Manila] UNAUTHORIZED ACCESS ATTEMPT: User ID: 4 attempted to access page requiring roles: admin (Current role: ) at /BookIT/admin/admin_dashboard.php
[21-Jan-2026 12:31:21 Asia/Manila] UNAUTHORIZED ACCESS ATTEMPT: User ID: 4 attempted to access page requiring roles: admin (Current role: ) at /BookIT/admin/admin_dashboard.php
[21-Jan-2026 12:31:21 Asia/Manila] UNAUTHORIZED ACCESS ATTEMPT: User ID: 4 attempted to access page requiring roles: admin (Current role: ) at /BookIT/admin/admin_dashboard.php
[21-Jan-2026 12:31:22 Asia/Manila] UNAUTHORIZED ACCESS ATTEMPT: User ID: 4 attempted to access page requiring roles: admin (Current role: ) at /BookIT/admin/admin_dashboard.php
[21-Jan-2026 12:31:22 Asia/Manila] UNAUTHORIZED ACCESS ATTEMPT: User ID: 4 attempted to access page requiring roles: admin (Current role: ) at /BookIT/admin/admin_dashboard.php
[21-Jan-2026 12:31:57 Asia/Manila] UNAUTHORIZED ACCESS ATTEMPT: User ID: 4 attempted to access page requiring roles: admin (Current role: ) at /BookIT/admin/admin_dashboard.php
[21-Jan-2026 12:31:57 Asia/Manila] UNAUTHORIZED ACCESS ATTEMPT: User ID: 4 attempted to access page requiring roles: admin (Current role: ) at /BookIT/admin/admin_dashboard.php
[21-Jan-2026 12:31:57 Asia/Manila] UNAUTHORIZED ACCESS ATTEMPT: User ID: 4 attempted to access page requiring roles: admin (Current role: ) at /BookIT/admin/admin_dashboard.php
[21-Jan-2026 12:32:00 Asia/Manila] UNAUTHORIZED ACCESS ATTEMPT: User ID: 4 attempted to access page requiring roles: admin (Current role: ) at /BookIT/admin/admin_dashboard.php
[21-Jan-2026 12:32:01 Asia/Manila] UNAUTHORIZED ACCESS ATTEMPT: User ID: 4 attempted to access page requiring roles: admin (Current role: ) at /BookIT/admin/admin_dashboard.php
[21-Jan-2026 12:32:01 Asia/Manila] UNAUTHORIZED ACCESS ATTEMPT: User ID: 4 attempted to access page requiring roles: admin (Current role: ) at /BookIT/admin/admin_dashboard.php
[21-Jan-2026 12:32:11 Asia/Manila] UNAUTHORIZED ACCESS ATTEMPT: User ID: 4 attempted to access page requiring roles: admin (Current role: ) at /BookIT/admin/admin_dashboard.php
[21-Jan-2026 12:32:11 Asia/Manila] UNAUTHORIZED ACCESS ATTEMPT: User ID: 4 attempted to access page requiring roles: admin (Current role: ) at /BookIT/admin/admin_dashboard.php
[21-Jan-2026 12:32:12 Asia/Manila] UNAUTHORIZED ACCESS ATTEMPT: User ID: 4 attempted to access page requiring roles: admin (Current role: ) at /BookIT/admin/admin_dashboard.php
[21-Jan-2026 12:32:31 Asia/Manila] UNAUTHORIZED ACCESS ATTEMPT: User ID: 4 attempted to access page requiring roles: admin (Current role: ) at /BookIT/admin/admin_dashboard.php
[21-Jan-2026 12:32:32 Asia/Manila] UNAUTHORIZED ACCESS ATTEMPT: User ID: 4 attempted to access page requiring roles: admin (Current role: ) at /BookIT/admin/admin_dashboard.php
[21-Jan-2026 12:32:39 Asia/Manila] UNAUTHORIZED ACCESS ATTEMPT: User ID: 4 attempted to access page requiring roles: admin (Current role: ) at /BookIT/admin/admin_dashboard.php
[21-Jan-2026 12:32:39 Asia/Manila] UNAUTHORIZED ACCESS ATTEMPT: User ID: 4 attempted to access page requiring roles: admin (Current role: ) at /BookIT/admin/admin_dashboard.php
[21-Jan-2026 12:32:42 Asia/Manila] UNAUTHORIZED ACCESS ATTEMPT: User ID: 4 attempted to access page requiring roles: renter (Current role: ) at /BookIT/renter/my_bookings.php
[21-Jan-2026 12:32:44 Asia/Manila] UNAUTHORIZED ACCESS ATTEMPT: User ID: 4 attempted to access page requiring roles: renter (Current role: ) at /BookIT/renter/my_bookings.php
[21-Jan-2026 12:32:49 Asia/Manila] UNAUTHORIZED ACCESS ATTEMPT: User ID: 4 attempted to access page requiring roles: renter (Current role: ) at /BookIT/renter/reserve_unit.php
[24-Jan-2026 14:23:23 Asia/Manila] PHPMailer: Email sent to: jersonedanao2002@gmail.com
[24-Jan-2026 14:23:27 Asia/Manila] PHPMailer: Email sent to: jersonedanao2002@gmail.com
[24-Jan-2026 14:34:32 Asia/Manila] PHPMailer: Email sent to: jersonedanao2002@gmail.com
[24-Jan-2026 14:37:58 Asia/Manila] PHPMailer: Email sent to: jersonedanao2002@gmail.com
[24-Jan-2026 14:40:45 Asia/Manila] PHPMailer: Email sent to: jersonedanao2002@gmail.com
[24-Jan-2026 14:40:45 Asia/Manila] PHP Fatal error:  Uncaught Error: Call to undefined function checkRole() in C:\wamp64\www\BookIT\public\verify_otp.php:5
Stack trace:
#0 {main}
  thrown in C:\wamp64\www\BookIT\public\verify_otp.php on line 5
[24-Jan-2026 15:02:51 Asia/Manila] PHPMailer: Email sent to: jersonedanao2002@gmail.com
[24-Jan-2026 15:04:34 Asia/Manila] PHPMailer: Email sent to: jersonedanao2002@gmail.com
[24-Jan-2026 15:04:37 Asia/Manila] PHPMailer: Email sent to: jersonedanao2002@gmail.com
[24-Jan-2026 15:05:29 Asia/Manila] PHPMailer: Email sent to: jersonedanao2002@gmail.com
[24-Jan-2026 15:09:20 Asia/Manila] PHPMailer: Email sent to: jersonedanao2002@gmail.com
[24-Jan-2026 15:12:14 Asia/Manila] PHPMailer: Email sent to: jersonedanao2002@gmail.com
[24-Jan-2026 15:24:06 Asia/Manila] PHPMailer: Email sent to: jersonedanao2002@gmail.com
[24-Jan-2026 15:24:31 Asia/Manila] PHPMailer: Email sent to: jersonedanao2002@gmail.com
[24-Jan-2026 15:24:34 Asia/Manila] PHPMailer: Email sent to: jersonedanao2002@gmail.com
[24-Jan-2026 15:29:09 Asia/Manila] PHPMailer: Email sent to: jersonedanao2002@gmail.com
[24-Jan-2026 15:30:22 Asia/Manila] PHPMailer: Email sent to: jersonedanao2002@gmail.com
[26-Jan-2026 13:40:46 Asia/Manila] UNAUTHORIZED ACCESS ATTEMPT: User ID: 3 attempted to access page requiring roles: host, manager (Current role: renter) at /BookIT/host/host_dashboard.php
[26-Jan-2026 14:00:49 Asia/Manila] UNAUTHORIZED ACCESS ATTEMPT: User ID: 3 attempted to access page requiring roles: host, manager (Current role: renter) at /BookIT/host/host_dashboard.php
[26-Jan-2026 14:03:32 Asia/Manila] PHP Warning:  include_once(../config/db.php): Failed to open stream: No such file or directory in C:\wamp64\www\BookIT\includes\functions.php on line 5
[26-Jan-2026 14:03:32 Asia/Manila] PHP Stack trace:
[26-Jan-2026 14:03:32 Asia/Manila] PHP   1. {main}() C:\wamp64\www\BookIT\modules\api\get_unit_bookings.php:0
[26-Jan-2026 14:03:32 Asia/Manila] PHP   2. include_once() C:\wamp64\www\BookIT\modules\api\get_unit_bookings.php:4
[26-Jan-2026 14:03:32 Asia/Manila] PHP Warning:  include_once(): Failed opening '../config/db.php' for inclusion (include_path='.;C:\php\pear') in C:\wamp64\www\BookIT\includes\functions.php on line 5
[26-Jan-2026 14:03:32 Asia/Manila] PHP Stack trace:
[26-Jan-2026 14:03:32 Asia/Manila] PHP   1. {main}() C:\wamp64\www\BookIT\modules\api\get_unit_bookings.php:0
[26-Jan-2026 14:03:32 Asia/Manila] PHP   2. include_once() C:\wamp64\www\BookIT\modules\api\get_unit_bookings.php:4
[26-Jan-2026 14:03:32 Asia/Manila] PHP Fatal error:  Uncaught Error: Call to undefined function get_multiple_results() in C:\wamp64\www\BookIT\modules\api\get_unit_bookings.php:15
Stack trace:
#0 {main}
  thrown in C:\wamp64\www\BookIT\modules\api\get_unit_bookings.php on line 15
[26-Jan-2026 14:17:33 Asia/Manila] PHP Warning:  include_once(../config/db.php): Failed to open stream: No such file or directory in C:\wamp64\www\BookIT\includes\functions.php on line 5
[26-Jan-2026 14:17:33 Asia/Manila] PHP Stack trace:
[26-Jan-2026 14:17:33 Asia/Manila] PHP   1. {main}() C:\wamp64\www\BookIT\modules\api\get_unit_bookings.php:0
[26-Jan-2026 14:17:33 Asia/Manila] PHP   2. include_once() C:\wamp64\www\BookIT\modules\api\get_unit_bookings.php:4
[26-Jan-2026 14:17:33 Asia/Manila] PHP Warning:  include_once(): Failed opening '../config/db.php' for inclusion (include_path='.;C:\php\pear') in C:\wamp64\www\BookIT\includes\functions.php on line 5
[26-Jan-2026 14:17:33 Asia/Manila] PHP Stack trace:
[26-Jan-2026 14:17:33 Asia/Manila] PHP   1. {main}() C:\wamp64\www\BookIT\modules\api\get_unit_bookings.php:0
[26-Jan-2026 14:17:33 Asia/Manila] PHP   2. include_once() C:\wamp64\www\BookIT\modules\api\get_unit_bookings.php:4
[26-Jan-2026 14:17:33 Asia/Manila] PHP Fatal error:  Uncaught Error: Call to undefined function get_multiple_results() in C:\wamp64\www\BookIT\modules\api\get_unit_bookings.php:15
Stack trace:
#0 {main}
  thrown in C:\wamp64\www\BookIT\modules\api\get_unit_bookings.php on line 15
[26-Jan-2026 14:18:46 Asia/Manila] PHP Fatal error:  Uncaught mysqli_sql_exception: Unknown column 'u.host_id' in 'on clause' in C:\wamp64\www\BookIT\config\db.php:85
Stack trace:
#0 C:\wamp64\www\BookIT\config\db.php(85): mysqli->prepare('SELECT u.*, b.b...')
#1 C:\wamp64\www\BookIT\includes\functions.php(260): get_multiple_results('SELECT u.*, b.b...', Array)
#2 C:\wamp64\www\BookIT\renter\reserve_unit.php(28): getAvailableUnits('2', '2026-01-26', '2026-01-27')
#3 {main}
  thrown in C:\wamp64\www\BookIT\config\db.php on line 85
[26-Jan-2026 14:20:31 Asia/Manila] PHP Warning:  include_once(../config/db.php): Failed to open stream: No such file or directory in C:\wamp64\www\BookIT\includes\functions.php on line 5
[26-Jan-2026 14:20:31 Asia/Manila] PHP Stack trace:
[26-Jan-2026 14:20:31 Asia/Manila] PHP   1. {main}() C:\wamp64\www\BookIT\modules\api\get_unit_bookings.php:0
[26-Jan-2026 14:20:31 Asia/Manila] PHP   2. include_once() C:\wamp64\www\BookIT\modules\api\get_unit_bookings.php:4
[26-Jan-2026 14:20:31 Asia/Manila] PHP Warning:  include_once(): Failed opening '../config/db.php' for inclusion (include_path='.;C:\php\pear') in C:\wamp64\www\BookIT\includes\functions.php on line 5
[26-Jan-2026 14:20:31 Asia/Manila] PHP Stack trace:
[26-Jan-2026 14:20:31 Asia/Manila] PHP   1. {main}() C:\wamp64\www\BookIT\modules\api\get_unit_bookings.php:0
[26-Jan-2026 14:20:31 Asia/Manila] PHP   2. include_once() C:\wamp64\www\BookIT\modules\api\get_unit_bookings.php:4
[26-Jan-2026 14:20:31 Asia/Manila] PHP Fatal error:  Uncaught Error: Call to undefined function get_multiple_results() in C:\wamp64\www\BookIT\modules\api\get_unit_bookings.php:15
Stack trace:
#0 {main}
  thrown in C:\wamp64\www\BookIT\modules\api\get_unit_bookings.php on line 15
[26-Jan-2026 14:20:31 Asia/Manila] PHP Warning:  include_once(../config/db.php): Failed to open stream: No such file or directory in C:\wamp64\www\BookIT\includes\functions.php on line 5
[26-Jan-2026 14:20:31 Asia/Manila] PHP Stack trace:
[26-Jan-2026 14:20:31 Asia/Manila] PHP   1. {main}() C:\wamp64\www\BookIT\modules\api\get_unit_bookings.php:0
[26-Jan-2026 14:20:31 Asia/Manila] PHP   2. include_once() C:\wamp64\www\BookIT\modules\api\get_unit_bookings.php:4
[26-Jan-2026 14:20:31 Asia/Manila] PHP Warning:  include_once(): Failed opening '../config/db.php' for inclusion (include_path='.;C:\php\pear') in C:\wamp64\www\BookIT\includes\functions.php on line 5
[26-Jan-2026 14:20:31 Asia/Manila] PHP Stack trace:
[26-Jan-2026 14:20:31 Asia/Manila] PHP   1. {main}() C:\wamp64\www\BookIT\modules\api\get_unit_bookings.php:0
[26-Jan-2026 14:20:31 Asia/Manila] PHP   2. include_once() C:\wamp64\www\BookIT\modules\api\get_unit_bookings.php:4
[26-Jan-2026 14:20:31 Asia/Manila] PHP Fatal error:  Uncaught Error: Call to undefined function get_multiple_results() in C:\wamp64\www\BookIT\modules\api\get_unit_bookings.php:15
Stack trace:
#0 {main}
  thrown in C:\wamp64\www\BookIT\modules\api\get_unit_bookings.php on line 15
[26-Jan-2026 14:20:32 Asia/Manila] PHP Warning:  include_once(../config/db.php): Failed to open stream: No such file or directory in C:\wamp64\www\BookIT\includes\functions.php on line 5
[26-Jan-2026 14:20:32 Asia/Manila] PHP Stack trace:
[26-Jan-2026 14:20:32 Asia/Manila] PHP   1. {main}() C:\wamp64\www\BookIT\modules\api\get_unit_bookings.php:0
[26-Jan-2026 14:20:32 Asia/Manila] PHP   2. include_once() C:\wamp64\www\BookIT\modules\api\get_unit_bookings.php:4
[26-Jan-2026 14:20:32 Asia/Manila] PHP Warning:  include_once(): Failed opening '../config/db.php' for inclusion (include_path='.;C:\php\pear') in C:\wamp64\www\BookIT\includes\functions.php on line 5
[26-Jan-2026 14:20:32 Asia/Manila] PHP Stack trace:
[26-Jan-2026 14:20:32 Asia/Manila] PHP   1. {main}() C:\wamp64\www\BookIT\modules\api\get_unit_bookings.php:0
[26-Jan-2026 14:20:32 Asia/Manila] PHP   2. include_once() C:\wamp64\www\BookIT\modules\api\get_unit_bookings.php:4
[26-Jan-2026 14:20:32 Asia/Manila] PHP Fatal error:  Uncaught Error: Call to undefined function get_multiple_results() in C:\wamp64\www\BookIT\modules\api\get_unit_bookings.php:15
Stack trace:
#0 {main}
  thrown in C:\wamp64\www\BookIT\modules\api\get_unit_bookings.php on line 15
[26-Jan-2026 14:21:28 Asia/Manila] PHP Fatal error:  Uncaught mysqli_sql_exception: Unknown column 'u.host_id' in 'on clause' in C:\wamp64\www\BookIT\config\db.php:85
Stack trace:
#0 C:\wamp64\www\BookIT\config\db.php(85): mysqli->prepare('SELECT u.*, b.b...')
#1 C:\wamp64\www\BookIT\includes\functions.php(260): get_multiple_results('SELECT u.*, b.b...', Array)
#2 C:\wamp64\www\BookIT\renter\reserve_unit.php(28): getAvailableUnits('2', '2026-01-26', '2026-01-27')
#3 {main}
  thrown in C:\wamp64\www\BookIT\config\db.php on line 85
[26-Jan-2026 14:31:36 Asia/Manila] PHP Warning:  include_once(../config/db.php): Failed to open stream: No such file or directory in C:\wamp64\www\BookIT\includes\functions.php on line 5
[26-Jan-2026 14:31:36 Asia/Manila] PHP Stack trace:
[26-Jan-2026 14:31:36 Asia/Manila] PHP   1. {main}() C:\wamp64\www\BookIT\modules\api\get_unit_bookings.php:0
[26-Jan-2026 14:31:36 Asia/Manila] PHP   2. include_once() C:\wamp64\www\BookIT\modules\api\get_unit_bookings.php:4
[26-Jan-2026 14:31:36 Asia/Manila] PHP Warning:  include_once(): Failed opening '../config/db.php' for inclusion (include_path='.;C:\php\pear') in C:\wamp64\www\BookIT\includes\functions.php on line 5
[26-Jan-2026 14:31:36 Asia/Manila] PHP Stack trace:
[26-Jan-2026 14:31:36 Asia/Manila] PHP   1. {main}() C:\wamp64\www\BookIT\modules\api\get_unit_bookings.php:0
[26-Jan-2026 14:31:36 Asia/Manila] PHP   2. include_once() C:\wamp64\www\BookIT\modules\api\get_unit_bookings.php:4
[26-Jan-2026 14:31:36 Asia/Manila] PHP Fatal error:  Uncaught Error: Call to undefined function get_multiple_results() in C:\wamp64\www\BookIT\modules\api\get_unit_bookings.php:15
Stack trace:
#0 {main}
  thrown in C:\wamp64\www\BookIT\modules\api\get_unit_bookings.php on line 15
[26-Jan-2026 14:31:41 Asia/Manila] PHP Warning:  include_once(../config/db.php): Failed to open stream: No such file or directory in C:\wamp64\www\BookIT\includes\functions.php on line 5
[26-Jan-2026 14:31:41 Asia/Manila] PHP Stack trace:
[26-Jan-2026 14:31:41 Asia/Manila] PHP   1. {main}() C:\wamp64\www\BookIT\modules\api\get_unit_bookings.php:0
[26-Jan-2026 14:31:41 Asia/Manila] PHP   2. include_once() C:\wamp64\www\BookIT\modules\api\get_unit_bookings.php:4
[26-Jan-2026 14:31:41 Asia/Manila] PHP Warning:  include_once(): Failed opening '../config/db.php' for inclusion (include_path='.;C:\php\pear') in C:\wamp64\www\BookIT\includes\functions.php on line 5
[26-Jan-2026 14:31:41 Asia/Manila] PHP Stack trace:
[26-Jan-2026 14:31:41 Asia/Manila] PHP   1. {main}() C:\wamp64\www\BookIT\modules\api\get_unit_bookings.php:0
[26-Jan-2026 14:31:41 Asia/Manila] PHP   2. include_once() C:\wamp64\www\BookIT\modules\api\get_unit_bookings.php:4
[26-Jan-2026 14:31:41 Asia/Manila] PHP Fatal error:  Uncaught Error: Call to undefined function get_multiple_results() in C:\wamp64\www\BookIT\modules\api\get_unit_bookings.php:15
Stack trace:
#0 {main}
  thrown in C:\wamp64\www\BookIT\modules\api\get_unit_bookings.php on line 15
[26-Jan-2026 14:45:00 Asia/Manila] PHP Warning:  include_once(../config/db.php): Failed to open stream: No such file or directory in C:\wamp64\www\BookIT\includes\functions.php on line 5
[26-Jan-2026 14:45:00 Asia/Manila] PHP Stack trace:
[26-Jan-2026 14:45:00 Asia/Manila] PHP   1. {main}() C:\wamp64\www\BookIT\modules\api\get_unit_bookings.php:0
[26-Jan-2026 14:45:00 Asia/Manila] PHP   2. include_once() C:\wamp64\www\BookIT\modules\api\get_unit_bookings.php:4
[26-Jan-2026 14:45:00 Asia/Manila] PHP Warning:  include_once(): Failed opening '../config/db.php' for inclusion (include_path='.;C:\php\pear') in C:\wamp64\www\BookIT\includes\functions.php on line 5
[26-Jan-2026 14:45:00 Asia/Manila] PHP Stack trace:
[26-Jan-2026 14:45:00 Asia/Manila] PHP   1. {main}() C:\wamp64\www\BookIT\modules\api\get_unit_bookings.php:0
[26-Jan-2026 14:45:00 Asia/Manila] PHP   2. include_once() C:\wamp64\www\BookIT\modules\api\get_unit_bookings.php:4
[26-Jan-2026 14:45:00 Asia/Manila] PHP Fatal error:  Uncaught Error: Call to undefined function get_multiple_results() in C:\wamp64\www\BookIT\modules\api\get_unit_bookings.php:15
Stack trace:
#0 {main}
  thrown in C:\wamp64\www\BookIT\modules\api\get_unit_bookings.php on line 15
[26-Jan-2026 15:11:44 Asia/Manila] PHP Fatal error:  Uncaught mysqli_sql_exception: Unknown column 'b.latitude' in 'field list' in C:\wamp64\www\BookIT\config\db.php:85
Stack trace:
#0 C:\wamp64\www\BookIT\config\db.php(85): mysqli->prepare('SELECT u.*, b.b...')
#1 C:\wamp64\www\BookIT\public\browse_units.php(55): get_multiple_results('SELECT u.*, b.b...', Array)
#2 {main}
  thrown in C:\wamp64\www\BookIT\config\db.php on line 85
[26-Jan-2026 15:14:53 Asia/Manila] PHP Fatal error:  Uncaught mysqli_sql_exception: Unknown column 'b.latitude' in 'field list' in C:\wamp64\www\BookIT\config\db.php:85
Stack trace:
#0 C:\wamp64\www\BookIT\config\db.php(85): mysqli->prepare('SELECT u.*, b.b...')
#1 C:\wamp64\www\BookIT\public\browse_units.php(55): get_multiple_results('SELECT u.*, b.b...', Array)
#2 {main}
  thrown in C:\wamp64\www\BookIT\config\db.php on line 85
[26-Jan-2026 15:19:04 Asia/Manila] PHP Fatal error:  Uncaught mysqli_sql_exception: Unknown column 'u.bedrooms' in 'where clause' in C:\wamp64\www\BookIT\config\db.php:85
Stack trace:
#0 C:\wamp64\www\BookIT\config\db.php(85): mysqli->prepare('SELECT u.*, b.b...')
#1 C:\wamp64\www\BookIT\public\browse_units.php(55): get_multiple_results('SELECT u.*, b.b...', Array)
#2 {main}
  thrown in C:\wamp64\www\BookIT\config\db.php on line 85
[26-Jan-2026 16:23:37 Asia/Manila] UNAUTHORIZED ACCESS ATTEMPT: User ID: 3 attempted to access page requiring roles: host, manager (Current role: renter) at /BookIT/host/host_dashboard.php
[27-Jan-2026 22:38:47 Asia/Manila] PHP Fatal error:  Uncaught mysqli_sql_exception: Unknown column 'host_id' in 'field list' in C:\wamp64\www\BookIT\config\db.php:85
Stack trace:
#0 C:\wamp64\www\BookIT\config\db.php(85): mysqli->prepare('SELECT branch_i...')
#1 C:\wamp64\www\BookIT\admin\settings.php(156): get_multiple_results('SELECT branch_i...')
#2 {main}
  thrown in C:\wamp64\www\BookIT\config\db.php on line 85
[27-Jan-2026 22:38:51 Asia/Manila] Database error: Unknown column 'u.instant_booking' in 'field list'
[27-Jan-2026 22:52:53 Asia/Manila] PHP Fatal error:  Uncaught mysqli_sql_exception: Unknown column 'host_id' in 'where clause' in C:\wamp64\www\BookIT\config\db.php:25
Stack trace:
#0 C:\wamp64\www\BookIT\config\db.php(25): mysqli->prepare('SELECT COUNT(*)...')
#1 C:\wamp64\www\BookIT\host\host_dashboard.php(17): get_single_result('SELECT COUNT(*)...', Array)
#2 {main}
  thrown in C:\wamp64\www\BookIT\config\db.php on line 25
[27-Jan-2026 22:56:27 Asia/Manila] PHP Fatal error:  Uncaught mysqli_sql_exception: Unknown column 'u.unit_name' in 'field list' in C:\wamp64\www\BookIT\config\db.php:85
Stack trace:
#0 C:\wamp64\www\BookIT\config\db.php(85): mysqli->prepare('\n    SELECT r.*...')
#1 C:\wamp64\www\BookIT\host\host_dashboard.php(46): get_multiple_results('\n    SELECT r.*...')
#2 {main}
  thrown in C:\wamp64\www\BookIT\config\db.php on line 85
[27-Jan-2026 23:00:31 Asia/Manila] UNAUTHORIZED ACCESS ATTEMPT: User ID: 5 attempted to access page requiring roles: host (Current role: manager) at /BookIT/host/unit_management.php
[27-Jan-2026 23:00:35 Asia/Manila] UNAUTHORIZED ACCESS ATTEMPT: User ID: 5 attempted to access page requiring roles: host (Current role: manager) at /BookIT/host/unit_management.php
[27-Jan-2026 23:00:35 Asia/Manila] UNAUTHORIZED ACCESS ATTEMPT: User ID: 5 attempted to access page requiring roles: host (Current role: manager) at /BookIT/host/unit_management.php
[27-Jan-2026 23:00:36 Asia/Manila] UNAUTHORIZED ACCESS ATTEMPT: User ID: 5 attempted to access page requiring roles: host (Current role: manager) at /BookIT/host/unit_management.php
[27-Jan-2026 23:00:37 Asia/Manila] UNAUTHORIZED ACCESS ATTEMPT: User ID: 5 attempted to access page requiring roles: host (Current role: manager) at /BookIT/host/unit_management.php
[27-Jan-2026 23:00:37 Asia/Manila] PHP Fatal error:  Uncaught mysqli_sql_exception: Unknown column 'u.unit_name' in 'field list' in C:\wamp64\www\BookIT\config\db.php:85
Stack trace:
#0 C:\wamp64\www\BookIT\config\db.php(85): mysqli->prepare('\r\n    SELECT \r\n...')
#1 C:\wamp64\www\BookIT\host\reservations.php(99): get_multiple_results('\r\n    SELECT \r\n...', Array)
#2 {main}
  thrown in C:\wamp64\www\BookIT\config\db.php on line 85
[27-Jan-2026 23:22:19 Asia/Manila] UNAUTHORIZED ACCESS ATTEMPT: User ID: 5 attempted to access page requiring roles: host (Current role: manager) at /BookIT/host/unit_management.php
[27-Jan-2026 23:22:32 Asia/Manila] UNAUTHORIZED ACCESS ATTEMPT: User ID: 5 attempted to access page requiring roles: host (Current role: manager) at /BookIT/host/unit_management.php
[31-Jan-2026 22:39:55 Asia/Manila] Database error: Unknown column 'u.instant_booking' in 'field list'
[31-Jan-2026 22:47:43 Asia/Manila] PHP Fatal error:  Uncaught mysqli_sql_exception: Unknown column 'status' in 'where clause' in C:\wamp64\www\BookIT\config\db.php:85
Stack trace:
#0 C:\wamp64\www\BookIT\config\db.php(85): mysqli->prepare('SELECT branch_i...')
#1 C:\wamp64\www\BookIT\modules\payment_management.php(24): get_multiple_results('SELECT branch_i...')
#2 C:\wamp64\www\BookIT\modules\payment_management.php(230): getBranches(Object(mysqli))
#3 {main}
  thrown in C:\wamp64\www\BookIT\config\db.php on line 85
[31-Jan-2026 22:51:26 Asia/Manila] PHP Fatal error:  Uncaught mysqli_sql_exception: Unknown column 'host_id' in 'field list' in C:\wamp64\www\BookIT\config\db.php:85
Stack trace:
#0 C:\wamp64\www\BookIT\config\db.php(85): mysqli->prepare('SELECT branch_i...')
#1 C:\wamp64\www\BookIT\admin\settings.php(156): get_multiple_results('SELECT branch_i...')
#2 {main}
  thrown in C:\wamp64\www\BookIT\config\db.php on line 85
[31-Jan-2026 22:52:51 Asia/Manila] PHP Deprecated:  htmlspecialchars(): Passing null to parameter #1 ($string) of type string is deprecated in C:\wamp64\www\BookIT\admin\manage_branch.php on line 278
[31-Jan-2026 22:52:51 Asia/Manila] PHP Stack trace:
[31-Jan-2026 22:52:51 Asia/Manila] PHP   1. {main}() C:\wamp64\www\BookIT\admin\manage_branch.php:0
[31-Jan-2026 22:52:51 Asia/Manila] PHP   2. htmlspecialchars($string = NULL) C:\wamp64\www\BookIT\admin\manage_branch.php:278
[31-Jan-2026 22:52:51 Asia/Manila] PHP Deprecated:  htmlspecialchars(): Passing null to parameter #1 ($string) of type string is deprecated in C:\wamp64\www\BookIT\admin\manage_branch.php on line 282
[31-Jan-2026 22:52:51 Asia/Manila] PHP Stack trace:
[31-Jan-2026 22:52:51 Asia/Manila] PHP   1. {main}() C:\wamp64\www\BookIT\admin\manage_branch.php:0
[31-Jan-2026 22:52:51 Asia/Manila] PHP   2. htmlspecialchars($string = NULL) C:\wamp64\www\BookIT\admin\manage_branch.php:282
[31-Jan-2026 22:52:51 Asia/Manila] PHP Deprecated:  htmlspecialchars(): Passing null to parameter #1 ($string) of type string is deprecated in C:\wamp64\www\BookIT\admin\manage_branch.php on line 278
[31-Jan-2026 22:52:51 Asia/Manila] PHP Stack trace:
[31-Jan-2026 22:52:51 Asia/Manila] PHP   1. {main}() C:\wamp64\www\BookIT\admin\manage_branch.php:0
[31-Jan-2026 22:52:51 Asia/Manila] PHP   2. htmlspecialchars($string = NULL) C:\wamp64\www\BookIT\admin\manage_branch.php:278
[31-Jan-2026 22:52:51 Asia/Manila] PHP Deprecated:  htmlspecialchars(): Passing null to parameter #1 ($string) of type string is deprecated in C:\wamp64\www\BookIT\admin\manage_branch.php on line 282
[31-Jan-2026 22:52:51 Asia/Manila] PHP Stack trace:
[31-Jan-2026 22:52:51 Asia/Manila] PHP   1. {main}() C:\wamp64\www\BookIT\admin\manage_branch.php:0
[31-Jan-2026 22:52:51 Asia/Manila] PHP   2. htmlspecialchars($string = NULL) C:\wamp64\www\BookIT\admin\manage_branch.php:282
[31-Jan-2026 22:52:51 Asia/Manila] PHP Deprecated:  htmlspecialchars(): Passing null to parameter #1 ($string) of type string is deprecated in C:\wamp64\www\BookIT\admin\manage_branch.php on line 278
[31-Jan-2026 22:52:51 Asia/Manila] PHP Stack trace:
[31-Jan-2026 22:52:51 Asia/Manila] PHP   1. {main}() C:\wamp64\www\BookIT\admin\manage_branch.php:0
[31-Jan-2026 22:52:51 Asia/Manila] PHP   2. htmlspecialchars($string = NULL) C:\wamp64\www\BookIT\admin\manage_branch.php:278
[31-Jan-2026 22:52:51 Asia/Manila] PHP Deprecated:  htmlspecialchars(): Passing null to parameter #1 ($string) of type string is deprecated in C:\wamp64\www\BookIT\admin\manage_branch.php on line 282
[31-Jan-2026 22:52:51 Asia/Manila] PHP Stack trace:
[31-Jan-2026 22:52:51 Asia/Manila] PHP   1. {main}() C:\wamp64\www\BookIT\admin\manage_branch.php:0
[31-Jan-2026 22:52:51 Asia/Manila] PHP   2. htmlspecialchars($string = NULL) C:\wamp64\www\BookIT\admin\manage_branch.php:282
[01-Feb-2026 08:50:21 Asia/Manila] PHP Warning:  Undefined array key "custom_message" in C:\wamp64\www\BookIT\admin\settings.php on line 120
[01-Feb-2026 08:50:21 Asia/Manila] PHP Stack trace:
[01-Feb-2026 08:50:21 Asia/Manila] PHP   1. {main}() C:\wamp64\www\BookIT\admin\settings.php:0
[01-Feb-2026 08:50:31 Asia/Manila] PHP Warning:  Undefined array key "custom_message" in C:\wamp64\www\BookIT\admin\settings.php on line 120
[01-Feb-2026 08:50:31 Asia/Manila] PHP Stack trace:
[01-Feb-2026 08:50:31 Asia/Manila] PHP   1. {main}() C:\wamp64\www\BookIT\admin\settings.php:0
[01-Feb-2026 08:52:51 Asia/Manila] PHP Warning:  Undefined array key "custom_message" in C:\wamp64\www\BookIT\admin\settings.php on line 120
[01-Feb-2026 08:52:51 Asia/Manila] PHP Stack trace:
[01-Feb-2026 08:52:51 Asia/Manila] PHP   1. {main}() C:\wamp64\www\BookIT\admin\settings.php:0
[01-Feb-2026 08:55:32 Asia/Manila] PHP Warning:  Undefined array key "custom_message" in C:\wamp64\www\BookIT\admin\settings.php on line 126
[01-Feb-2026 08:55:32 Asia/Manila] PHP Stack trace:
[01-Feb-2026 08:55:32 Asia/Manila] PHP   1. {main}() C:\wamp64\www\BookIT\admin\settings.php:0
[01-Feb-2026 08:56:19 Asia/Manila] PHP Warning:  Undefined array key "custom_message" in C:\wamp64\www\BookIT\admin\settings.php on line 126
[01-Feb-2026 08:56:19 Asia/Manila] PHP Stack trace:
[01-Feb-2026 08:56:19 Asia/Manila] PHP   1. {main}() C:\wamp64\www\BookIT\admin\settings.php:0
[01-Feb-2026 08:56:49 Asia/Manila] PHP Deprecated:  htmlspecialchars(): Passing null to parameter #1 ($string) of type string is deprecated in C:\wamp64\www\BookIT\admin\manage_branch.php on line 278
[01-Feb-2026 08:56:49 Asia/Manila] PHP Stack trace:
[01-Feb-2026 08:56:49 Asia/Manila] PHP   1. {main}() C:\wamp64\www\BookIT\admin\manage_branch.php:0
[01-Feb-2026 08:56:49 Asia/Manila] PHP   2. htmlspecialchars($string = NULL) C:\wamp64\www\BookIT\admin\manage_branch.php:278
[01-Feb-2026 08:56:49 Asia/Manila] PHP Deprecated:  htmlspecialchars(): Passing null to parameter #1 ($string) of type string is deprecated in C:\wamp64\www\BookIT\admin\manage_branch.php on line 282
[01-Feb-2026 08:56:49 Asia/Manila] PHP Stack trace:
[01-Feb-2026 08:56:49 Asia/Manila] PHP   1. {main}() C:\wamp64\www\BookIT\admin\manage_branch.php:0
[01-Feb-2026 08:56:49 Asia/Manila] PHP   2. htmlspecialchars($string = NULL) C:\wamp64\www\BookIT\admin\manage_branch.php:282
[01-Feb-2026 08:56:49 Asia/Manila] PHP Deprecated:  htmlspecialchars(): Passing null to parameter #1 ($string) of type string is deprecated in C:\wamp64\www\BookIT\admin\manage_branch.php on line 278
[01-Feb-2026 08:56:49 Asia/Manila] PHP Stack trace:
[01-Feb-2026 08:56:49 Asia/Manila] PHP   1. {main}() C:\wamp64\www\BookIT\admin\manage_branch.php:0
[01-Feb-2026 08:56:49 Asia/Manila] PHP   2. htmlspecialchars($string = NULL) C:\wamp64\www\BookIT\admin\manage_branch.php:278
[01-Feb-2026 08:56:49 Asia/Manila] PHP Deprecated:  htmlspecialchars(): Passing null to parameter #1 ($string) of type string is deprecated in C:\wamp64\www\BookIT\admin\manage_branch.php on line 282
[01-Feb-2026 08:56:49 Asia/Manila] PHP Stack trace:
[01-Feb-2026 08:56:49 Asia/Manila] PHP   1. {main}() C:\wamp64\www\BookIT\admin\manage_branch.php:0
[01-Feb-2026 08:56:49 Asia/Manila] PHP   2. htmlspecialchars($string = NULL) C:\wamp64\www\BookIT\admin\manage_branch.php:282
[01-Feb-2026 08:56:49 Asia/Manila] PHP Deprecated:  htmlspecialchars(): Passing null to parameter #1 ($string) of type string is deprecated in C:\wamp64\www\BookIT\admin\manage_branch.php on line 278
[01-Feb-2026 08:56:49 Asia/Manila] PHP Stack trace:
[01-Feb-2026 08:56:49 Asia/Manila] PHP   1. {main}() C:\wamp64\www\BookIT\admin\manage_branch.php:0
[01-Feb-2026 08:56:49 Asia/Manila] PHP   2. htmlspecialchars($string = NULL) C:\wamp64\www\BookIT\admin\manage_branch.php:278
[01-Feb-2026 08:56:49 Asia/Manila] PHP Deprecated:  htmlspecialchars(): Passing null to parameter #1 ($string) of type string is deprecated in C:\wamp64\www\BookIT\admin\manage_branch.php on line 282
[01-Feb-2026 08:56:49 Asia/Manila] PHP Stack trace:
[01-Feb-2026 08:56:50 Asia/Manila] PHP   1. {main}() C:\wamp64\www\BookIT\admin\manage_branch.php:0
[01-Feb-2026 08:56:50 Asia/Manila] PHP   2. htmlspecialchars($string = NULL) C:\wamp64\www\BookIT\admin\manage_branch.php:282
[01-Feb-2026 08:59:19 Asia/Manila] PHP Warning:  Undefined array key "price" in C:\wamp64\www\BookIT\admin\unit_management.php on line 481
[01-Feb-2026 08:59:19 Asia/Manila] PHP Stack trace:
[01-Feb-2026 08:59:19 Asia/Manila] PHP   1. {main}() C:\wamp64\www\BookIT\admin\unit_management.php:0
[01-Feb-2026 08:59:19 Asia/Manila] PHP Deprecated:  number_format(): Passing null to parameter #1 ($num) of type float is deprecated in C:\wamp64\www\BookIT\admin\unit_management.php on line 481
[01-Feb-2026 08:59:19 Asia/Manila] PHP Stack trace:
[01-Feb-2026 08:59:19 Asia/Manila] PHP   1. {main}() C:\wamp64\www\BookIT\admin\unit_management.php:0
[01-Feb-2026 08:59:19 Asia/Manila] PHP   2. number_format($num = NULL, $decimals = 2) C:\wamp64\www\BookIT\admin\unit_management.php:481
[01-Feb-2026 08:59:19 Asia/Manila] PHP Warning:  Undefined array key "occupancy_rate" in C:\wamp64\www\BookIT\admin\unit_management.php on line 492
[01-Feb-2026 08:59:19 Asia/Manila] PHP Stack trace:
[01-Feb-2026 08:59:19 Asia/Manila] PHP   1. {main}() C:\wamp64\www\BookIT\admin\unit_management.php:0
[01-Feb-2026 08:59:19 Asia/Manila] PHP Warning:  Undefined array key "status" in C:\wamp64\www\BookIT\admin\unit_management.php on line 509
[01-Feb-2026 08:59:19 Asia/Manila] PHP Stack trace:
[01-Feb-2026 08:59:19 Asia/Manila] PHP   1. {main}() C:\wamp64\www\BookIT\admin\unit_management.php:0
[01-Feb-2026 08:59:19 Asia/Manila] PHP Warning:  Undefined array key "status" in C:\wamp64\www\BookIT\admin\unit_management.php on line 510
[01-Feb-2026 08:59:19 Asia/Manila] PHP Stack trace:
[01-Feb-2026 08:59:19 Asia/Manila] PHP   1. {main}() C:\wamp64\www\BookIT\admin\unit_management.php:0
[01-Feb-2026 08:59:19 Asia/Manila] PHP Deprecated:  ucfirst(): Passing null to parameter #1 ($string) of type string is deprecated in C:\wamp64\www\BookIT\admin\unit_management.php on line 510
[01-Feb-2026 08:59:19 Asia/Manila] PHP Stack trace:
[01-Feb-2026 08:59:19 Asia/Manila] PHP   1. {main}() C:\wamp64\www\BookIT\admin\unit_management.php:0
[01-Feb-2026 08:59:19 Asia/Manila] PHP   2. ucfirst($string = NULL) C:\wamp64\www\BookIT\admin\unit_management.php:510
[01-Feb-2026 08:59:19 Asia/Manila] PHP Warning:  Undefined array key "price" in C:\wamp64\www\BookIT\admin\unit_management.php on line 481
[01-Feb-2026 08:59:19 Asia/Manila] PHP Stack trace:
[01-Feb-2026 08:59:19 Asia/Manila] PHP   1. {main}() C:\wamp64\www\BookIT\admin\unit_management.php:0
[01-Feb-2026 08:59:19 Asia/Manila] PHP Deprecated:  number_format(): Passing null to parameter #1 ($num) of type float is deprecated in C:\wamp64\www\BookIT\admin\unit_management.php on line 481
[01-Feb-2026 08:59:19 Asia/Manila] PHP Stack trace:
[01-Feb-2026 08:59:19 Asia/Manila] PHP   1. {main}() C:\wamp64\www\BookIT\admin\unit_management.php:0
[01-Feb-2026 08:59:19 Asia/Manila] PHP   2. number_format($num = NULL, $decimals = 2) C:\wamp64\www\BookIT\admin\unit_management.php:481
[01-Feb-2026 08:59:19 Asia/Manila] PHP Warning:  Undefined array key "occupancy_rate" in C:\wamp64\www\BookIT\admin\unit_management.php on line 492
[01-Feb-2026 08:59:19 Asia/Manila] PHP Stack trace:
[01-Feb-2026 08:59:19 Asia/Manila] PHP   1. {main}() C:\wamp64\www\BookIT\admin\unit_management.php:0
[01-Feb-2026 08:59:19 Asia/Manila] PHP Warning:  Undefined array key "status" in C:\wamp64\www\BookIT\admin\unit_management.php on line 509
[01-Feb-2026 08:59:19 Asia/Manila] PHP Stack trace:
[01-Feb-2026 08:59:19 Asia/Manila] PHP   1. {main}() C:\wamp64\www\BookIT\admin\unit_management.php:0
[01-Feb-2026 08:59:19 Asia/Manila] PHP Warning:  Undefined array key "status" in C:\wamp64\www\BookIT\admin\unit_management.php on line 510
[01-Feb-2026 08:59:19 Asia/Manila] PHP Stack trace:
[01-Feb-2026 08:59:19 Asia/Manila] PHP   1. {main}() C:\wamp64\www\BookIT\admin\unit_management.php:0
[01-Feb-2026 08:59:19 Asia/Manila] PHP Deprecated:  ucfirst(): Passing null to parameter #1 ($string) of type string is deprecated in C:\wamp64\www\BookIT\admin\unit_management.php on line 510
[01-Feb-2026 08:59:19 Asia/Manila] PHP Stack trace:
[01-Feb-2026 08:59:19 Asia/Manila] PHP   1. {main}() C:\wamp64\www\BookIT\admin\unit_management.php:0
[01-Feb-2026 08:59:19 Asia/Manila] PHP   2. ucfirst($string = NULL) C:\wamp64\www\BookIT\admin\unit_management.php:510
[01-Feb-2026 08:59:33 Asia/Manila] PHP Warning:  Undefined array key "price" in C:\wamp64\www\BookIT\admin\unit_management.php on line 481
[01-Feb-2026 08:59:33 Asia/Manila] PHP Stack trace:
[01-Feb-2026 08:59:33 Asia/Manila] PHP   1. {main}() C:\wamp64\www\BookIT\admin\unit_management.php:0
[01-Feb-2026 08:59:33 Asia/Manila] PHP Deprecated:  number_format(): Passing null to parameter #1 ($num) of type float is deprecated in C:\wamp64\www\BookIT\admin\unit_management.php on line 481
[01-Feb-2026 08:59:33 Asia/Manila] PHP Stack trace:
[01-Feb-2026 08:59:33 Asia/Manila] PHP   1. {main}() C:\wamp64\www\BookIT\admin\unit_management.php:0
[01-Feb-2026 08:59:33 Asia/Manila] PHP   2. number_format($num = NULL, $decimals = 2) C:\wamp64\www\BookIT\admin\unit_management.php:481
[01-Feb-2026 08:59:33 Asia/Manila] PHP Warning:  Undefined array key "occupancy_rate" in C:\wamp64\www\BookIT\admin\unit_management.php on line 492
[01-Feb-2026 08:59:33 Asia/Manila] PHP Stack trace:
[01-Feb-2026 08:59:33 Asia/Manila] PHP   1. {main}() C:\wamp64\www\BookIT\admin\unit_management.php:0
[01-Feb-2026 08:59:33 Asia/Manila] PHP Warning:  Undefined array key "status" in C:\wamp64\www\BookIT\admin\unit_management.php on line 509
[01-Feb-2026 08:59:33 Asia/Manila] PHP Stack trace:
[01-Feb-2026 08:59:33 Asia/Manila] PHP   1. {main}() C:\wamp64\www\BookIT\admin\unit_management.php:0
[01-Feb-2026 08:59:33 Asia/Manila] PHP Warning:  Undefined array key "status" in C:\wamp64\www\BookIT\admin\unit_management.php on line 510
[01-Feb-2026 08:59:33 Asia/Manila] PHP Stack trace:
[01-Feb-2026 08:59:33 Asia/Manila] PHP   1. {main}() C:\wamp64\www\BookIT\admin\unit_management.php:0
[01-Feb-2026 08:59:33 Asia/Manila] PHP Deprecated:  ucfirst(): Passing null to parameter #1 ($string) of type string is deprecated in C:\wamp64\www\BookIT\admin\unit_management.php on line 510
[01-Feb-2026 08:59:33 Asia/Manila] PHP Stack trace:
[01-Feb-2026 08:59:33 Asia/Manila] PHP   1. {main}() C:\wamp64\www\BookIT\admin\unit_management.php:0
[01-Feb-2026 08:59:33 Asia/Manila] PHP   2. ucfirst($string = NULL) C:\wamp64\www\BookIT\admin\unit_management.php:510
[01-Feb-2026 08:59:33 Asia/Manila] PHP Warning:  Undefined array key "price" in C:\wamp64\www\BookIT\admin\unit_management.php on line 481
[01-Feb-2026 08:59:33 Asia/Manila] PHP Stack trace:
[01-Feb-2026 08:59:33 Asia/Manila] PHP   1. {main}() C:\wamp64\www\BookIT\admin\unit_management.php:0
[01-Feb-2026 08:59:33 Asia/Manila] PHP Deprecated:  number_format(): Passing null to parameter #1 ($num) of type float is deprecated in C:\wamp64\www\BookIT\admin\unit_management.php on line 481
[01-Feb-2026 08:59:33 Asia/Manila] PHP Stack trace:
[01-Feb-2026 08:59:33 Asia/Manila] PHP   1. {main}() C:\wamp64\www\BookIT\admin\unit_management.php:0
[01-Feb-2026 08:59:33 Asia/Manila] PHP   2. number_format($num = NULL, $decimals = 2) C:\wamp64\www\BookIT\admin\unit_management.php:481
[01-Feb-2026 08:59:33 Asia/Manila] PHP Warning:  Undefined array key "occupancy_rate" in C:\wamp64\www\BookIT\admin\unit_management.php on line 492
[01-Feb-2026 08:59:33 Asia/Manila] PHP Stack trace:
[01-Feb-2026 08:59:33 Asia/Manila] PHP   1. {main}() C:\wamp64\www\BookIT\admin\unit_management.php:0
[01-Feb-2026 08:59:33 Asia/Manila] PHP Warning:  Undefined array key "status" in C:\wamp64\www\BookIT\admin\unit_management.php on line 509
[01-Feb-2026 08:59:33 Asia/Manila] PHP Stack trace:
[01-Feb-2026 08:59:33 Asia/Manila] PHP   1. {main}() C:\wamp64\www\BookIT\admin\unit_management.php:0
[01-Feb-2026 08:59:33 Asia/Manila] PHP Warning:  Undefined array key "status" in C:\wamp64\www\BookIT\admin\unit_management.php on line 510
[01-Feb-2026 08:59:33 Asia/Manila] PHP Stack trace:
[01-Feb-2026 08:59:33 Asia/Manila] PHP   1. {main}() C:\wamp64\www\BookIT\admin\unit_management.php:0
[01-Feb-2026 08:59:33 Asia/Manila] PHP Deprecated:  ucfirst(): Passing null to parameter #1 ($string) of type string is deprecated in C:\wamp64\www\BookIT\admin\unit_management.php on line 510
[01-Feb-2026 08:59:33 Asia/Manila] PHP Stack trace:
[01-Feb-2026 08:59:33 Asia/Manila] PHP   1. {main}() C:\wamp64\www\BookIT\admin\unit_management.php:0
[01-Feb-2026 08:59:33 Asia/Manila] PHP   2. ucfirst($string = NULL) C:\wamp64\www\BookIT\admin\unit_management.php:510
[01-Feb-2026 18:44:32 Asia/Manila] UNAUTHORIZED ACCESS ATTEMPT: User ID: 6 attempted to access page requiring roles: host, manager (Current role: ) at /BookIT/host/host_dashboard.php
[01-Feb-2026 18:44:41 Asia/Manila] UNAUTHORIZED ACCESS ATTEMPT: User ID: 6 attempted to access page requiring roles: host, manager (Current role: ) at /BookIT/host/host_dashboard.php
[01-Feb-2026 18:46:37 Asia/Manila] UNAUTHORIZED ACCESS ATTEMPT: User ID: 8 attempted to access page requiring roles: host, manager (Current role: ) at /BookIT/host/host_dashboard.php
[01-Feb-2026 18:46:41 Asia/Manila] UNAUTHORIZED ACCESS ATTEMPT: User ID: 8 attempted to access page requiring roles: renter (Current role: ) at /BookIT/renter/my_bookings.php
[22-Feb-2026 10:13:36 Asia/Manila] PHP Fatal error:  Uncaught mysqli_sql_exception: No connection could be made because the target machine actively refused it in C:\wamp64\www\BookIT\config\db.php:8
Stack trace:
#0 C:\wamp64\www\BookIT\config\db.php(8): mysqli->__construct('localhost', 'root', Object(SensitiveParameterValue), 'condo_rental_re...')
#1 C:\wamp64\www\BookIT\public\login.php(17): include_once('C:\\wamp64\\www\\B...')
#2 {main}
  thrown in C:\wamp64\www\BookIT\config\db.php on line 8
[22-Feb-2026 10:25:58 Asia/Manila] Exception in execute_query: You have an error in your SQL syntax; check the manual that corresponds to your MySQL server version for the right syntax to use near 'IF NOT EXISTS otp_code VARCHAR(10) NULL, ADD COLUMN IF NOT EXISTS otp_expiry DAT' at line 1
[22-Feb-2026 10:25:58 Asia/Manila] Exception in execute_query: Unknown column 'otp_code' in 'field list'
[22-Feb-2026 12:01:44 Asia/Manila] PHP Fatal error:  Uncaught mysqli_sql_exception: Unknown column 'u.approval_status' in 'on clause' in C:\wamp64\www\BookIT\public\index.php:10
Stack trace:
#0 C:\wamp64\www\BookIT\public\index.php(10): mysqli_query(Object(mysqli), '\r\n    SELECT b....')
#1 {main}
  thrown in C:\wamp64\www\BookIT\public\index.php on line 10
[22-Feb-2026 12:05:25 Asia/Manila] PHP Fatal error:  Uncaught mysqli_sql_exception: Unknown column 'u.approval_status' in 'on clause' in C:\wamp64\www\BookIT\public\index.php:10
Stack trace:
#0 C:\wamp64\www\BookIT\public\index.php(10): mysqli_query(Object(mysqli), '\r\n    SELECT b....')
#1 {main}
  thrown in C:\wamp64\www\BookIT\public\index.php on line 10
[22-Feb-2026 12:05:26 Asia/Manila] PHP Fatal error:  Uncaught mysqli_sql_exception: Unknown column 'u.approval_status' in 'on clause' in C:\wamp64\www\BookIT\public\index.php:10
Stack trace:
#0 C:\wamp64\www\BookIT\public\index.php(10): mysqli_query(Object(mysqli), '\r\n    SELECT b....')
#1 {main}
  thrown in C:\wamp64\www\BookIT\public\index.php on line 10
[22-Feb-2026 12:06:10 Asia/Manila] PHP Fatal error:  Uncaught mysqli_sql_exception: Unknown column 'u.approval_status' in 'on clause' in C:\wamp64\www\BookIT\public\index.php:10
Stack trace:
#0 C:\wamp64\www\BookIT\public\index.php(10): mysqli_query(Object(mysqli), '\r\n    SELECT b....')
#1 {main}
  thrown in C:\wamp64\www\BookIT\public\index.php on line 10
[22-Feb-2026 12:06:11 Asia/Manila] PHP Fatal error:  Uncaught mysqli_sql_exception: Unknown column 'u.approval_status' in 'on clause' in C:\wamp64\www\BookIT\public\index.php:10
Stack trace:
#0 C:\wamp64\www\BookIT\public\index.php(10): mysqli_query(Object(mysqli), '\r\n    SELECT b....')
#1 {main}
  thrown in C:\wamp64\www\BookIT\public\index.php on line 10
[22-Feb-2026 12:06:12 Asia/Manila] PHP Fatal error:  Uncaught mysqli_sql_exception: Unknown column 'u.approval_status' in 'on clause' in C:\wamp64\www\BookIT\public\index.php:10
Stack trace:
#0 C:\wamp64\www\BookIT\public\index.php(10): mysqli_query(Object(mysqli), '\r\n    SELECT b....')
#1 {main}
  thrown in C:\wamp64\www\BookIT\public\index.php on line 10
[07-Mar-2026 14:46:12 Asia/Manila] PHPMailer: Email sent to: p2235361@gmail.com
[07-Mar-2026 14:49:41 Asia/Manila] UNAUTHORIZED ACCESS ATTEMPT: User ID: 10 attempted to access page requiring roles: renter (Current role: ) at /BookIT/renter/my_bookings.php
[07-Mar-2026 14:56:05 Asia/Manila] UNAUTHORIZED ACCESS ATTEMPT: User ID: 12 attempted to access page requiring roles: host, manager (Current role: ) at /BookIT/host/host_dashboard.php
[07-Mar-2026 15:03:59 Asia/Manila] PHP Warning:  include_once(../config/db.php): Failed to open stream: No such file or directory in C:\wamp64\www\BookIT\includes\functions.php on line 5
[07-Mar-2026 15:03:59 Asia/Manila] PHP Stack trace:
[07-Mar-2026 15:03:59 Asia/Manila] PHP   1. {main}() C:\wamp64\www\BookIT\includes\api\get_user_details.php:0
[07-Mar-2026 15:03:59 Asia/Manila] PHP   2. include_once() C:\wamp64\www\BookIT\includes\api\get_user_details.php:7
[07-Mar-2026 15:03:59 Asia/Manila] PHP Warning:  include_once(): Failed opening '../config/db.php' for inclusion (include_path='.;C:\php\pear') in C:\wamp64\www\BookIT\includes\functions.php on line 5
[07-Mar-2026 15:03:59 Asia/Manila] PHP Stack trace:
[07-Mar-2026 15:03:59 Asia/Manila] PHP   1. {main}() C:\wamp64\www\BookIT\includes\api\get_user_details.php:0
[07-Mar-2026 15:03:59 Asia/Manila] PHP   2. include_once() C:\wamp64\www\BookIT\includes\api\get_user_details.php:7
[07-Mar-2026 15:04:06 Asia/Manila] PHP Warning:  include_once(../config/db.php): Failed to open stream: No such file or directory in C:\wamp64\www\BookIT\includes\functions.php on line 5
[07-Mar-2026 15:04:06 Asia/Manila] PHP Stack trace:
[07-Mar-2026 15:04:06 Asia/Manila] PHP   1. {main}() C:\wamp64\www\BookIT\includes\api\get_user_details.php:0
[07-Mar-2026 15:04:06 Asia/Manila] PHP   2. include_once() C:\wamp64\www\BookIT\includes\api\get_user_details.php:7
[07-Mar-2026 15:04:06 Asia/Manila] PHP Warning:  include_once(): Failed opening '../config/db.php' for inclusion (include_path='.;C:\php\pear') in C:\wamp64\www\BookIT\includes\functions.php on line 5
[07-Mar-2026 15:04:06 Asia/Manila] PHP Stack trace:
[07-Mar-2026 15:04:06 Asia/Manila] PHP   1. {main}() C:\wamp64\www\BookIT\includes\api\get_user_details.php:0
[07-Mar-2026 15:04:06 Asia/Manila] PHP   2. include_once() C:\wamp64\www\BookIT\includes\api\get_user_details.php:7
[07-Mar-2026 15:04:11 Asia/Manila] PHP Warning:  include_once(../config/db.php): Failed to open stream: No such file or directory in C:\wamp64\www\BookIT\includes\functions.php on line 5
[07-Mar-2026 15:04:11 Asia/Manila] PHP Stack trace:
[07-Mar-2026 15:04:11 Asia/Manila] PHP   1. {main}() C:\wamp64\www\BookIT\includes\api\get_user_details.php:0
[07-Mar-2026 15:04:11 Asia/Manila] PHP   2. include_once() C:\wamp64\www\BookIT\includes\api\get_user_details.php:7
[07-Mar-2026 15:04:11 Asia/Manila] PHP Warning:  include_once(): Failed opening '../config/db.php' for inclusion (include_path='.;C:\php\pear') in C:\wamp64\www\BookIT\includes\functions.php on line 5
[07-Mar-2026 15:04:11 Asia/Manila] PHP Stack trace:
[07-Mar-2026 15:04:11 Asia/Manila] PHP   1. {main}() C:\wamp64\www\BookIT\includes\api\get_user_details.php:0
[07-Mar-2026 15:04:11 Asia/Manila] PHP   2. include_once() C:\wamp64\www\BookIT\includes\api\get_user_details.php:7
[07-Mar-2026 15:06:14 Asia/Manila] PHP Warning:  include_once(../config/db.php): Failed to open stream: No such file or directory in C:\wamp64\www\BookIT\includes\functions.php on line 5
[07-Mar-2026 15:06:14 Asia/Manila] PHP Stack trace:
[07-Mar-2026 15:06:14 Asia/Manila] PHP   1. {main}() C:\wamp64\www\BookIT\includes\api\get_user_details.php:0
[07-Mar-2026 15:06:14 Asia/Manila] PHP   2. include_once() C:\wamp64\www\BookIT\includes\api\get_user_details.php:7
[07-Mar-2026 15:06:14 Asia/Manila] PHP Warning:  include_once(): Failed opening '../config/db.php' for inclusion (include_path='.;C:\php\pear') in C:\wamp64\www\BookIT\includes\functions.php on line 5
[07-Mar-2026 15:06:14 Asia/Manila] PHP Stack trace:
[07-Mar-2026 15:06:14 Asia/Manila] PHP   1. {main}() C:\wamp64\www\BookIT\includes\api\get_user_details.php:0
[07-Mar-2026 15:06:14 Asia/Manila] PHP   2. include_once() C:\wamp64\www\BookIT\includes\api\get_user_details.php:7
[07-Mar-2026 15:06:24 Asia/Manila] PHP Warning:  include_once(../config/db.php): Failed to open stream: No such file or directory in C:\wamp64\www\BookIT\includes\functions.php on line 5
[07-Mar-2026 15:06:24 Asia/Manila] PHP Stack trace:
[07-Mar-2026 15:06:24 Asia/Manila] PHP   1. {main}() C:\wamp64\www\BookIT\includes\api\get_user_details.php:0
[07-Mar-2026 15:06:24 Asia/Manila] PHP   2. include_once() C:\wamp64\www\BookIT\includes\api\get_user_details.php:7
[07-Mar-2026 15:06:24 Asia/Manila] PHP Warning:  include_once(): Failed opening '../config/db.php' for inclusion (include_path='.;C:\php\pear') in C:\wamp64\www\BookIT\includes\functions.php on line 5
[07-Mar-2026 15:06:24 Asia/Manila] PHP Stack trace:
[07-Mar-2026 15:06:24 Asia/Manila] PHP   1. {main}() C:\wamp64\www\BookIT\includes\api\get_user_details.php:0
[07-Mar-2026 15:06:24 Asia/Manila] PHP   2. include_once() C:\wamp64\www\BookIT\includes\api\get_user_details.php:7
[07-Mar-2026 15:06:34 Asia/Manila] PHP Warning:  include_once(../config/db.php): Failed to open stream: No such file or directory in C:\wamp64\www\BookIT\includes\functions.php on line 5
[07-Mar-2026 15:06:34 Asia/Manila] PHP Stack trace:
[07-Mar-2026 15:06:34 Asia/Manila] PHP   1. {main}() C:\wamp64\www\BookIT\includes\api\get_user_details.php:0
[07-Mar-2026 15:06:34 Asia/Manila] PHP   2. include_once() C:\wamp64\www\BookIT\includes\api\get_user_details.php:7
[07-Mar-2026 15:06:34 Asia/Manila] PHP Warning:  include_once(): Failed opening '../config/db.php' for inclusion (include_path='.;C:\php\pear') in C:\wamp64\www\BookIT\includes\functions.php on line 5
[07-Mar-2026 15:06:34 Asia/Manila] PHP Stack trace:
[07-Mar-2026 15:06:34 Asia/Manila] PHP   1. {main}() C:\wamp64\www\BookIT\includes\api\get_user_details.php:0
[07-Mar-2026 15:06:34 Asia/Manila] PHP   2. include_once() C:\wamp64\www\BookIT\includes\api\get_user_details.php:7
[07-Mar-2026 15:09:11 Asia/Manila] PHP Warning:  include_once(../config/db.php): Failed to open stream: No such file or directory in C:\wamp64\www\BookIT\includes\functions.php on line 5
[07-Mar-2026 15:09:11 Asia/Manila] PHP Stack trace:
[07-Mar-2026 15:09:11 Asia/Manila] PHP   1. {main}() C:\wamp64\www\BookIT\includes\api\get_user_details.php:0
[07-Mar-2026 15:09:11 Asia/Manila] PHP   2. include_once() C:\wamp64\www\BookIT\includes\api\get_user_details.php:7
[07-Mar-2026 15:09:11 Asia/Manila] PHP Warning:  include_once(): Failed opening '../config/db.php' for inclusion (include_path='.;C:\php\pear') in C:\wamp64\www\BookIT\includes\functions.php on line 5
[07-Mar-2026 15:09:11 Asia/Manila] PHP Stack trace:
[07-Mar-2026 15:09:11 Asia/Manila] PHP   1. {main}() C:\wamp64\www\BookIT\includes\api\get_user_details.php:0
[07-Mar-2026 15:09:11 Asia/Manila] PHP   2. include_once() C:\wamp64\www\BookIT\includes\api\get_user_details.php:7
[07-Mar-2026 15:12:05 Asia/Manila] PHP Warning:  include_once(../config/db.php): Failed to open stream: No such file or directory in C:\wamp64\www\BookIT\includes\functions.php on line 5
[07-Mar-2026 15:12:05 Asia/Manila] PHP Stack trace:
[07-Mar-2026 15:12:05 Asia/Manila] PHP   1. {main}() C:\wamp64\www\BookIT\includes\api\get_user_details.php:0
[07-Mar-2026 15:12:05 Asia/Manila] PHP   2. include_once() C:\wamp64\www\BookIT\includes\api\get_user_details.php:7
[07-Mar-2026 15:12:05 Asia/Manila] PHP Warning:  include_once(): Failed opening '../config/db.php' for inclusion (include_path='.;C:\php\pear') in C:\wamp64\www\BookIT\includes\functions.php on line 5
[07-Mar-2026 15:12:05 Asia/Manila] PHP Stack trace:
[07-Mar-2026 15:12:05 Asia/Manila] PHP   1. {main}() C:\wamp64\www\BookIT\includes\api\get_user_details.php:0
[07-Mar-2026 15:12:05 Asia/Manila] PHP   2. include_once() C:\wamp64\www\BookIT\includes\api\get_user_details.php:7
[07-Mar-2026 15:12:15 Asia/Manila] PHP Warning:  include_once(../config/db.php): Failed to open stream: No such file or directory in C:\wamp64\www\BookIT\includes\functions.php on line 5
[07-Mar-2026 15:12:15 Asia/Manila] PHP Stack trace:
[07-Mar-2026 15:12:15 Asia/Manila] PHP   1. {main}() C:\wamp64\www\BookIT\includes\api\get_user_details.php:0
[07-Mar-2026 15:12:15 Asia/Manila] PHP   2. include_once() C:\wamp64\www\BookIT\includes\api\get_user_details.php:7
[07-Mar-2026 15:12:15 Asia/Manila] PHP Warning:  include_once(): Failed opening '../config/db.php' for inclusion (include_path='.;C:\php\pear') in C:\wamp64\www\BookIT\includes\functions.php on line 5
[07-Mar-2026 15:12:15 Asia/Manila] PHP Stack trace:
[07-Mar-2026 15:12:15 Asia/Manila] PHP   1. {main}() C:\wamp64\www\BookIT\includes\api\get_user_details.php:0
[07-Mar-2026 15:12:15 Asia/Manila] PHP   2. include_once() C:\wamp64\www\BookIT\includes\api\get_user_details.php:7
[07-Mar-2026 15:13:29 Asia/Manila] UNAUTHORIZED ACCESS ATTEMPT: User ID: 12 attempted to access page requiring roles: host, manager (Current role: ) at /BookIT/host/host_dashboard.php
[07-Mar-2026 15:16:47 Asia/Manila] PHP Warning:  include_once(../config/db.php): Failed to open stream: No such file or directory in C:\wamp64\www\BookIT\includes\functions.php on line 5
[07-Mar-2026 15:16:47 Asia/Manila] PHP Stack trace:
[07-Mar-2026 15:16:47 Asia/Manila] PHP   1. {main}() C:\wamp64\www\BookIT\includes\api\get_user_details.php:0
[07-Mar-2026 15:16:47 Asia/Manila] PHP   2. include_once() C:\wamp64\www\BookIT\includes\api\get_user_details.php:7
[07-Mar-2026 15:16:47 Asia/Manila] PHP Warning:  include_once(): Failed opening '../config/db.php' for inclusion (include_path='.;C:\php\pear') in C:\wamp64\www\BookIT\includes\functions.php on line 5
[07-Mar-2026 15:16:47 Asia/Manila] PHP Stack trace:
[07-Mar-2026 15:16:47 Asia/Manila] PHP   1. {main}() C:\wamp64\www\BookIT\includes\api\get_user_details.php:0
[07-Mar-2026 15:16:47 Asia/Manila] PHP   2. include_once() C:\wamp64\www\BookIT\includes\api\get_user_details.php:7
[07-Mar-2026 15:17:00 Asia/Manila] PHP Warning:  include_once(../config/db.php): Failed to open stream: No such file or directory in C:\wamp64\www\BookIT\includes\functions.php on line 5
[07-Mar-2026 15:17:00 Asia/Manila] PHP Stack trace:
[07-Mar-2026 15:17:00 Asia/Manila] PHP   1. {main}() C:\wamp64\www\BookIT\includes\api\get_user_details.php:0
[07-Mar-2026 15:17:00 Asia/Manila] PHP   2. include_once() C:\wamp64\www\BookIT\includes\api\get_user_details.php:7
[07-Mar-2026 15:17:00 Asia/Manila] PHP Warning:  include_once(): Failed opening '../config/db.php' for inclusion (include_path='.;C:\php\pear') in C:\wamp64\www\BookIT\includes\functions.php on line 5
[07-Mar-2026 15:17:00 Asia/Manila] PHP Stack trace:
[07-Mar-2026 15:17:00 Asia/Manila] PHP   1. {main}() C:\wamp64\www\BookIT\includes\api\get_user_details.php:0
[07-Mar-2026 15:17:00 Asia/Manila] PHP   2. include_once() C:\wamp64\www\BookIT\includes\api\get_user_details.php:7
[07-Mar-2026 15:17:14 Asia/Manila] PHP Warning:  include_once(../config/db.php): Failed to open stream: No such file or directory in C:\wamp64\www\BookIT\includes\functions.php on line 5
[07-Mar-2026 15:17:14 Asia/Manila] PHP Stack trace:
[07-Mar-2026 15:17:14 Asia/Manila] PHP   1. {main}() C:\wamp64\www\BookIT\includes\api\get_user_details.php:0
[07-Mar-2026 15:17:14 Asia/Manila] PHP   2. include_once() C:\wamp64\www\BookIT\includes\api\get_user_details.php:7
[07-Mar-2026 15:17:14 Asia/Manila] PHP Warning:  include_once(): Failed opening '../config/db.php' for inclusion (include_path='.;C:\php\pear') in C:\wamp64\www\BookIT\includes\functions.php on line 5
[07-Mar-2026 15:17:14 Asia/Manila] PHP Stack trace:
[07-Mar-2026 15:17:14 Asia/Manila] PHP   1. {main}() C:\wamp64\www\BookIT\includes\api\get_user_details.php:0
[07-Mar-2026 15:17:14 Asia/Manila] PHP   2. include_once() C:\wamp64\www\BookIT\includes\api\get_user_details.php:7
[10-Mar-2026 19:07:40 Asia/Manila] PHP Warning:  Undefined array key "price" in C:\wamp64\www\BookIT\admin\get_edit_unit_form.php on line 105
[10-Mar-2026 19:07:40 Asia/Manila] PHP Stack trace:
[10-Mar-2026 19:07:40 Asia/Manila] PHP   1. {main}() C:\wamp64\www\BookIT\admin\get_edit_unit_form.php:0
[10-Mar-2026 19:07:40 Asia/Manila] PHP Deprecated:  number_format(): Passing null to parameter #1 ($num) of type float is deprecated in C:\wamp64\www\BookIT\admin\get_edit_unit_form.php on line 105
[10-Mar-2026 19:07:40 Asia/Manila] PHP Stack trace:
[10-Mar-2026 19:07:40 Asia/Manila] PHP   1. {main}() C:\wamp64\www\BookIT\admin\get_edit_unit_form.php:0
[10-Mar-2026 19:07:40 Asia/Manila] PHP   2. number_format($num = NULL, $decimals = 2) C:\wamp64\www\BookIT\admin\get_edit_unit_form.php:105
[10-Mar-2026 19:08:10 Asia/Manila] PHP Warning:  Undefined array key "price" in C:\wamp64\www\BookIT\admin\get_edit_unit_form.php on line 105
[10-Mar-2026 19:08:10 Asia/Manila] PHP Stack trace:
[10-Mar-2026 19:08:10 Asia/Manila] PHP   1. {main}() C:\wamp64\www\BookIT\admin\get_edit_unit_form.php:0
[10-Mar-2026 19:08:10 Asia/Manila] PHP Deprecated:  number_format(): Passing null to parameter #1 ($num) of type float is deprecated in C:\wamp64\www\BookIT\admin\get_edit_unit_form.php on line 105
[10-Mar-2026 19:08:10 Asia/Manila] PHP Stack trace:
[10-Mar-2026 19:08:10 Asia/Manila] PHP   1. {main}() C:\wamp64\www\BookIT\admin\get_edit_unit_form.php:0
[10-Mar-2026 19:08:10 Asia/Manila] PHP   2. number_format($num = NULL, $decimals = 2) C:\wamp64\www\BookIT\admin\get_edit_unit_form.php:105
[10-Mar-2026 19:13:20 Asia/Manila] PHP Warning:  Undefined array key "price" in C:\wamp64\www\BookIT\admin\get_edit_unit_form.php on line 105
[10-Mar-2026 19:13:20 Asia/Manila] PHP Stack trace:
[10-Mar-2026 19:13:20 Asia/Manila] PHP   1. {main}() C:\wamp64\www\BookIT\admin\get_edit_unit_form.php:0
[10-Mar-2026 19:13:20 Asia/Manila] PHP Deprecated:  number_format(): Passing null to parameter #1 ($num) of type float is deprecated in C:\wamp64\www\BookIT\admin\get_edit_unit_form.php on line 105
[10-Mar-2026 19:13:20 Asia/Manila] PHP Stack trace:
[10-Mar-2026 19:13:20 Asia/Manila] PHP   1. {main}() C:\wamp64\www\BookIT\admin\get_edit_unit_form.php:0
[10-Mar-2026 19:13:20 Asia/Manila] PHP   2. number_format($num = NULL, $decimals = 2) C:\wamp64\www\BookIT\admin\get_edit_unit_form.php:105
[10-Mar-2026 19:13:28 Asia/Manila] PHP Warning:  Undefined array key "price" in C:\wamp64\www\BookIT\admin\get_edit_unit_form.php on line 105
[10-Mar-2026 19:13:28 Asia/Manila] PHP Stack trace:
[10-Mar-2026 19:13:28 Asia/Manila] PHP   1. {main}() C:\wamp64\www\BookIT\admin\get_edit_unit_form.php:0
[10-Mar-2026 19:13:28 Asia/Manila] PHP Deprecated:  number_format(): Passing null to parameter #1 ($num) of type float is deprecated in C:\wamp64\www\BookIT\admin\get_edit_unit_form.php on line 105
[10-Mar-2026 19:13:28 Asia/Manila] PHP Stack trace:
[10-Mar-2026 19:13:28 Asia/Manila] PHP   1. {main}() C:\wamp64\www\BookIT\admin\get_edit_unit_form.php:0
[10-Mar-2026 19:13:28 Asia/Manila] PHP   2. number_format($num = NULL, $decimals = 2) C:\wamp64\www\BookIT\admin\get_edit_unit_form.php:105
[10-Mar-2026 19:15:00 Asia/Manila] PHP Fatal error:  Uncaught Error: Class "mysqli" not found in C:\wamp64\www\BookIT\config\db.php:8
Stack trace:
#0 Command line code(1): require()
#1 {main}
  thrown in C:\wamp64\www\BookIT\config\db.php on line 8
[10-Mar-2026 19:28:19 Asia/Manila] PHP Warning:  require_once(C:\wamp64\www\BookIT\admin/../includes/DuplicateDetectionEngine.php): Failed to open stream: No such file or directory in C:\wamp64\www\BookIT\admin\unit_management.php on line 32
[10-Mar-2026 19:28:19 Asia/Manila] PHP Stack trace:
[10-Mar-2026 19:28:19 Asia/Manila] PHP   1. {main}() C:\wamp64\www\BookIT\admin\unit_management.php:0
[10-Mar-2026 19:28:19 Asia/Manila] PHP Fatal error:  Uncaught Error: Failed opening required 'C:\wamp64\www\BookIT\admin/../includes/DuplicateDetectionEngine.php' (include_path='.;C:\php\pear') in C:\wamp64\www\BookIT\admin\unit_management.php:32
Stack trace:
#0 {main}
  thrown in C:\wamp64\www\BookIT\admin\unit_management.php on line 32
[20-Mar-2026 12:25:23 Asia/Manila] PHP Fatal error:  Uncaught mysqli_sql_exception: No connection could be made because the target machine actively refused it in C:\wamp64\www\BookIT\config\db.php:8
Stack trace:
#0 C:\wamp64\www\BookIT\config\db.php(8): mysqli->__construct('localhost', 'root', Object(SensitiveParameterValue), 'condo_rental_re...')
#1 C:\wamp64\www\BookIT\includes\functions.php(5): include_once('C:\\wamp64\\www\\B...')
#2 C:\wamp64\www\BookIT\public\index.php(6): include('C:\\wamp64\\www\\B...')
#3 {main}
  thrown in C:\wamp64\www\BookIT\config\db.php on line 8
[20-Mar-2026 12:36:40 Asia/Manila] UNAUTHORIZED ACCESS ATTEMPT: User ID: 10 attempted to access page requiring roles: host (Current role: manager) at /BookIT/host/unit_management.php
[20-Mar-2026 12:36:42 Asia/Manila] UNAUTHORIZED ACCESS ATTEMPT: User ID: 10 attempted to access page requiring roles: host (Current role: manager) at /BookIT/host/unit_management.php
[20-Mar-2026 12:36:43 Asia/Manila] UNAUTHORIZED ACCESS ATTEMPT: User ID: 10 attempted to access page requiring roles: host (Current role: manager) at /BookIT/host/unit_management.php
[20-Mar-2026 12:36:46 Asia/Manila] UNAUTHORIZED ACCESS ATTEMPT: User ID: 10 attempted to access page requiring roles: host (Current role: manager) at /BookIT/host/unit_management.php
[20-Mar-2026 12:36:47 Asia/Manila] UNAUTHORIZED ACCESS ATTEMPT: User ID: 10 attempted to access page requiring roles: host (Current role: manager) at /BookIT/host/unit_management.php
[20-Mar-2026 12:36:48 Asia/Manila] UNAUTHORIZED ACCESS ATTEMPT: User ID: 10 attempted to access page requiring roles: host (Current role: manager) at /BookIT/host/unit_management.php
[20-Mar-2026 12:36:49 Asia/Manila] UNAUTHORIZED ACCESS ATTEMPT: User ID: 10 attempted to access page requiring roles: host (Current role: manager) at /BookIT/host/unit_management.php
[20-Mar-2026 12:36:50 Asia/Manila] UNAUTHORIZED ACCESS ATTEMPT: User ID: 10 attempted to access page requiring roles: host (Current role: manager) at /BookIT/host/unit_management.php
[20-Mar-2026 12:36:52 Asia/Manila] UNAUTHORIZED ACCESS ATTEMPT: User ID: 10 attempted to access page requiring roles: host (Current role: manager) at /BookIT/host/unit_management.php
[20-Mar-2026 12:36:55 Asia/Manila] UNAUTHORIZED ACCESS ATTEMPT: User ID: 10 attempted to access page requiring roles: host (Current role: manager) at /BookIT/host/unit_management.php
[20-Mar-2026 12:40:56 Asia/Manila] PHP Fatal error:  Uncaught mysqli_sql_exception: Table 'condo_rental_reservation_db.host_payment_methods' doesn't exist in C:\wamp64\www\BookIT\config\db.php:85
Stack trace:
#0 C:\wamp64\www\BookIT\config\db.php(85): mysqli->prepare('\r\n    SELECT * ...')
#1 C:\wamp64\www\BookIT\host\payment_management.php(182): get_multiple_results('\r\n    SELECT * ...', Array)
#2 {main}
  thrown in C:\wamp64\www\BookIT\config\db.php on line 85
[20-Mar-2026 12:43:59 Asia/Manila] PHP Fatal error:  Uncaught mysqli_sql_exception: Table 'condo_rental_reservation_db.host_payment_methods' doesn't exist in C:\wamp64\www\BookIT\config\db.php:85
Stack trace:
#0 C:\wamp64\www\BookIT\config\db.php(85): mysqli->prepare('\r\n    SELECT * ...')
#1 C:\wamp64\www\BookIT\host\payment_management.php(182): get_multiple_results('\r\n    SELECT * ...', Array)
#2 {main}
  thrown in C:\wamp64\www\BookIT\config\db.php on line 85
[20-Mar-2026 12:44:00 Asia/Manila] PHP Fatal error:  Uncaught mysqli_sql_exception: Table 'condo_rental_reservation_db.host_payment_methods' doesn't exist in C:\wamp64\www\BookIT\config\db.php:85
Stack trace:
#0 C:\wamp64\www\BookIT\config\db.php(85): mysqli->prepare('\r\n    SELECT * ...')
#1 C:\wamp64\www\BookIT\host\payment_management.php(182): get_multiple_results('\r\n    SELECT * ...', Array)
#2 {main}
  thrown in C:\wamp64\www\BookIT\config\db.php on line 85
[20-Mar-2026 12:44:01 Asia/Manila] PHP Fatal error:  Uncaught mysqli_sql_exception: Table 'condo_rental_reservation_db.host_payment_methods' doesn't exist in C:\wamp64\www\BookIT\config\db.php:85
Stack trace:
#0 C:\wamp64\www\BookIT\config\db.php(85): mysqli->prepare('\r\n    SELECT * ...')
#1 C:\wamp64\www\BookIT\host\payment_management.php(182): get_multiple_results('\r\n    SELECT * ...', Array)
#2 {main}
  thrown in C:\wamp64\www\BookIT\config\db.php on line 85
[20-Mar-2026 12:44:08 Asia/Manila] PHP Fatal error:  Uncaught mysqli_sql_exception: Table 'condo_rental_reservation_db.host_payment_methods' doesn't exist in C:\wamp64\www\BookIT\config\db.php:85
Stack trace:
#0 C:\wamp64\www\BookIT\config\db.php(85): mysqli->prepare('\r\n    SELECT * ...')
#1 C:\wamp64\www\BookIT\host\payment_management.php(182): get_multiple_results('\r\n    SELECT * ...', Array)
#2 {main}
  thrown in C:\wamp64\www\BookIT\config\db.php on line 85
[20-Mar-2026 12:44:28 Asia/Manila] PHP Fatal error:  Uncaught Error: Class "mysqli" not found in C:\wamp64\www\BookIT\config\db.php:8
Stack trace:
#0 C:\wamp64\www\BookIT\create_tables.php(2): require_once()
#1 {main}
  thrown in C:\wamp64\www\BookIT\config\db.php on line 8
[20-Mar-2026 12:46:59 Asia/Manila] PHP Fatal error:  Uncaught mysqli_sql_exception: Table 'condo_rental_reservation_db.user_bank_accounts' doesn't exist in C:\wamp64\www\BookIT\config\db.php:25
Stack trace:
#0 C:\wamp64\www\BookIT\config\db.php(25): mysqli->prepare('SELECT * FROM u...')
#1 C:\wamp64\www\BookIT\host\profile.php(18): get_single_result('SELECT * FROM u...', Array)
#2 {main}
  thrown in C:\wamp64\www\BookIT\config\db.php on line 25
[20-Mar-2026 12:48:03 Asia/Manila] PHP Fatal error:  Uncaught mysqli_sql_exception: Table 'condo_rental_reservation_db.user_bank_accounts' doesn't exist in C:\wamp64\www\BookIT\config\db.php:25
Stack trace:
#0 C:\wamp64\www\BookIT\config\db.php(25): mysqli->prepare('SELECT * FROM u...')
#1 C:\wamp64\www\BookIT\host\profile.php(18): get_single_result('SELECT * FROM u...', Array)
#2 {main}
  thrown in C:\wamp64\www\BookIT\config\db.php on line 25
[20-Mar-2026 12:48:09 Asia/Manila] PHP Fatal error:  Uncaught mysqli_sql_exception: Table 'condo_rental_reservation_db.user_bank_accounts' doesn't exist in C:\wamp64\www\BookIT\config\db.php:25
Stack trace:
#0 C:\wamp64\www\BookIT\config\db.php(25): mysqli->prepare('SELECT * FROM u...')
#1 C:\wamp64\www\BookIT\host\profile.php(18): get_single_result('SELECT * FROM u...', Array)
#2 {main}
  thrown in C:\wamp64\www\BookIT\config\db.php on line 25
[20-Mar-2026 12:50:47 Asia/Manila] PHP Fatal error:  Uncaught mysqli_sql_exception: Table 'condo_rental_reservation_db.user_bank_accounts' doesn't exist in C:\wamp64\www\BookIT\config\db.php:25
Stack trace:
#0 C:\wamp64\www\BookIT\config\db.php(25): mysqli->prepare('SELECT * FROM u...')
#1 C:\wamp64\www\BookIT\host\profile.php(18): get_single_result('SELECT * FROM u...', Array)
#2 {main}
  thrown in C:\wamp64\www\BookIT\config\db.php on line 25
[20-Mar-2026 12:50:48 Asia/Manila] PHP Fatal error:  Uncaught mysqli_sql_exception: Table 'condo_rental_reservation_db.user_bank_accounts' doesn't exist in C:\wamp64\www\BookIT\config\db.php:25
Stack trace:
#0 C:\wamp64\www\BookIT\config\db.php(25): mysqli->prepare('SELECT * FROM u...')
#1 C:\wamp64\www\BookIT\host\profile.php(18): get_single_result('SELECT * FROM u...', Array)
#2 {main}
  thrown in C:\wamp64\www\BookIT\config\db.php on line 25
[20-Mar-2026 12:50:48 Asia/Manila] PHP Fatal error:  Uncaught mysqli_sql_exception: Table 'condo_rental_reservation_db.user_bank_accounts' doesn't exist in C:\wamp64\www\BookIT\config\db.php:25
Stack trace:
#0 C:\wamp64\www\BookIT\config\db.php(25): mysqli->prepare('SELECT * FROM u...')
#1 C:\wamp64\www\BookIT\host\profile.php(18): get_single_result('SELECT * FROM u...', Array)
#2 {main}
  thrown in C:\wamp64\www\BookIT\config\db.php on line 25
[20-Mar-2026 12:50:48 Asia/Manila] PHP Fatal error:  Uncaught mysqli_sql_exception: Table 'condo_rental_reservation_db.user_bank_accounts' doesn't exist in C:\wamp64\www\BookIT\config\db.php:25
Stack trace:
#0 C:\wamp64\www\BookIT\config\db.php(25): mysqli->prepare('SELECT * FROM u...')
#1 C:\wamp64\www\BookIT\host\profile.php(18): get_single_result('SELECT * FROM u...', Array)
#2 {main}
  thrown in C:\wamp64\www\BookIT\config\db.php on line 25
[20-Mar-2026 12:50:48 Asia/Manila] PHP Fatal error:  Uncaught mysqli_sql_exception: Table 'condo_rental_reservation_db.user_bank_accounts' doesn't exist in C:\wamp64\www\BookIT\config\db.php:25
Stack trace:
#0 C:\wamp64\www\BookIT\config\db.php(25): mysqli->prepare('SELECT * FROM u...')
#1 C:\wamp64\www\BookIT\host\profile.php(18): get_single_result('SELECT * FROM u...', Array)
#2 {main}
  thrown in C:\wamp64\www\BookIT\config\db.php on line 25
[20-Mar-2026 12:52:20 Asia/Manila] PHP Warning:  include_once(../includes/DuplicateDetectionEngine.php): Failed to open stream: No such file or directory in C:\wamp64\www\BookIT\host\unit_management.php on line 58
[20-Mar-2026 12:52:20 Asia/Manila] PHP Stack trace:
[20-Mar-2026 12:52:20 Asia/Manila] PHP   1. {main}() C:\wamp64\www\BookIT\host\unit_management.php:0
[20-Mar-2026 12:52:20 Asia/Manila] PHP Warning:  include_once(): Failed opening '../includes/DuplicateDetectionEngine.php' for inclusion (include_path='.;C:\php\pear') in C:\wamp64\www\BookIT\host\unit_management.php on line 58
[20-Mar-2026 12:52:20 Asia/Manila] PHP Stack trace:
[20-Mar-2026 12:52:20 Asia/Manila] PHP   1. {main}() C:\wamp64\www\BookIT\host\unit_management.php:0
[20-Mar-2026 12:52:20 Asia/Manila] PHP Fatal error:  Uncaught Error: Class "DuplicateDetectionEngine" not found in C:\wamp64\www\BookIT\host\unit_management.php:59
Stack trace:
#0 {main}
  thrown in C:\wamp64\www\BookIT\host\unit_management.php on line 59
[20-Mar-2026 12:53:36 Asia/Manila] UNAUTHORIZED ACCESS ATTEMPT: User ID: 10 attempted to access page requiring roles: host (Current role: manager) at /BookIT/ajax/get_unit_view.php?unit_id=13
[20-Mar-2026 12:53:36 Asia/Manila] PHP Warning:  Undefined array key "price" in C:\wamp64\www\BookIT\host\host_dashboard.php on line 311
[20-Mar-2026 12:53:36 Asia/Manila] PHP Stack trace:
[20-Mar-2026 12:53:36 Asia/Manila] PHP   1. {main}() C:\wamp64\www\BookIT\host\host_dashboard.php:0
[20-Mar-2026 12:53:36 Asia/Manila] PHP Deprecated:  number_format(): Passing null to parameter #1 ($num) of type float is deprecated in C:\wamp64\www\BookIT\host\host_dashboard.php on line 311
[20-Mar-2026 12:53:36 Asia/Manila] PHP Stack trace:
[20-Mar-2026 12:53:36 Asia/Manila] PHP   1. {main}() C:\wamp64\www\BookIT\host\host_dashboard.php:0
[20-Mar-2026 12:53:36 Asia/Manila] PHP   2. number_format($num = NULL, $decimals = 0) C:\wamp64\www\BookIT\host\host_dashboard.php:311
[20-Mar-2026 12:53:54 Asia/Manila] UNAUTHORIZED ACCESS ATTEMPT: User ID: 10 attempted to access page requiring roles: host (Current role: manager) at /BookIT/ajax/get_unit_view.php?unit_id=13
[20-Mar-2026 12:53:54 Asia/Manila] PHP Warning:  Undefined array key "price" in C:\wamp64\www\BookIT\host\host_dashboard.php on line 311
[20-Mar-2026 12:53:54 Asia/Manila] PHP Stack trace:
[20-Mar-2026 12:53:54 Asia/Manila] PHP   1. {main}() C:\wamp64\www\BookIT\host\host_dashboard.php:0
[20-Mar-2026 12:53:54 Asia/Manila] PHP Deprecated:  number_format(): Passing null to parameter #1 ($num) of type float is deprecated in C:\wamp64\www\BookIT\host\host_dashboard.php on line 311
[20-Mar-2026 12:53:54 Asia/Manila] PHP Stack trace:
[20-Mar-2026 12:53:54 Asia/Manila] PHP   1. {main}() C:\wamp64\www\BookIT\host\host_dashboard.php:0
[20-Mar-2026 12:53:54 Asia/Manila] PHP   2. number_format($num = NULL, $decimals = 0) C:\wamp64\www\BookIT\host\host_dashboard.php:311
[20-Mar-2026 12:56:24 Asia/Manila] PHP Warning:  Undefined array key "price" in C:\wamp64\www\BookIT\ajax\get_unit_view.php on line 51
[20-Mar-2026 12:56:24 Asia/Manila] PHP Stack trace:
[20-Mar-2026 12:56:24 Asia/Manila] PHP   1. {main}() C:\wamp64\www\BookIT\ajax\get_unit_view.php:0
[20-Mar-2026 12:56:24 Asia/Manila] PHP Deprecated:  number_format(): Passing null to parameter #1 ($num) of type float is deprecated in C:\wamp64\www\BookIT\ajax\get_unit_view.php on line 51
[20-Mar-2026 12:56:24 Asia/Manila] PHP Stack trace:
[20-Mar-2026 12:56:24 Asia/Manila] PHP   1. {main}() C:\wamp64\www\BookIT\ajax\get_unit_view.php:0
[20-Mar-2026 12:56:24 Asia/Manila] PHP   2. number_format($num = NULL) C:\wamp64\www\BookIT\ajax\get_unit_view.php:51
[20-Mar-2026 12:56:24 Asia/Manila] PHP Warning:  Undefined array key "latitude" in C:\wamp64\www\BookIT\ajax\get_unit_view.php on line 71
[20-Mar-2026 12:56:24 Asia/Manila] PHP Stack trace:
[20-Mar-2026 12:56:24 Asia/Manila] PHP   1. {main}() C:\wamp64\www\BookIT\ajax\get_unit_view.php:0
[20-Mar-2026 12:58:36 Asia/Manila] PHP Warning:  Undefined array key "price" in C:\wamp64\www\BookIT\ajax\get_unit_view.php on line 51
[20-Mar-2026 12:58:36 Asia/Manila] PHP Stack trace:
[20-Mar-2026 12:58:36 Asia/Manila] PHP   1. {main}() C:\wamp64\www\BookIT\ajax\get_unit_view.php:0
[20-Mar-2026 12:58:36 Asia/Manila] PHP Deprecated:  number_format(): Passing null to parameter #1 ($num) of type float is deprecated in C:\wamp64\www\BookIT\ajax\get_unit_view.php on line 51
[20-Mar-2026 12:58:36 Asia/Manila] PHP Stack trace:
[20-Mar-2026 12:58:36 Asia/Manila] PHP   1. {main}() C:\wamp64\www\BookIT\ajax\get_unit_view.php:0
[20-Mar-2026 12:58:36 Asia/Manila] PHP   2. number_format($num = NULL) C:\wamp64\www\BookIT\ajax\get_unit_view.php:51
[20-Mar-2026 12:58:36 Asia/Manila] PHP Warning:  Undefined array key "latitude" in C:\wamp64\www\BookIT\ajax\get_unit_view.php on line 71
[20-Mar-2026 12:58:36 Asia/Manila] PHP Stack trace:
[20-Mar-2026 12:58:36 Asia/Manila] PHP   1. {main}() C:\wamp64\www\BookIT\ajax\get_unit_view.php:0
[20-Mar-2026 22:00:29 Asia/Manila] PHP Warning:  Undefined array key "price" in C:\wamp64\www\BookIT\host\host_dashboard.php on line 311
[20-Mar-2026 22:00:29 Asia/Manila] PHP Stack trace:
[20-Mar-2026 22:00:29 Asia/Manila] PHP   1. {main}() C:\wamp64\www\BookIT\host\host_dashboard.php:0
[20-Mar-2026 22:00:29 Asia/Manila] PHP Deprecated:  number_format(): Passing null to parameter #1 ($num) of type float is deprecated in C:\wamp64\www\BookIT\host\host_dashboard.php on line 311
[20-Mar-2026 22:00:29 Asia/Manila] PHP Stack trace:
[20-Mar-2026 22:00:29 Asia/Manila] PHP   1. {main}() C:\wamp64\www\BookIT\host\host_dashboard.php:0
[20-Mar-2026 22:00:29 Asia/Manila] PHP   2. number_format($num = NULL, $decimals = 0) C:\wamp64\www\BookIT\host\host_dashboard.php:311
[20-Mar-2026 22:00:51 Asia/Manila] PHP Warning:  Undefined array key "price" in C:\wamp64\www\BookIT\host\host_dashboard.php on line 311
[20-Mar-2026 22:00:51 Asia/Manila] PHP Stack trace:
[20-Mar-2026 22:00:51 Asia/Manila] PHP   1. {main}() C:\wamp64\www\BookIT\host\host_dashboard.php:0
[20-Mar-2026 22:00:51 Asia/Manila] PHP Deprecated:  number_format(): Passing null to parameter #1 ($num) of type float is deprecated in C:\wamp64\www\BookIT\host\host_dashboard.php on line 311
[20-Mar-2026 22:00:51 Asia/Manila] PHP Stack trace:
[20-Mar-2026 22:00:51 Asia/Manila] PHP   1. {main}() C:\wamp64\www\BookIT\host\host_dashboard.php:0
[20-Mar-2026 22:00:51 Asia/Manila] PHP   2. number_format($num = NULL, $decimals = 0) C:\wamp64\www\BookIT\host\host_dashboard.php:311
[20-Mar-2026 22:33:27 Asia/Manila] PHP Warning:  include_once(../config/db.php): Failed to open stream: No such file or directory in C:\wamp64\www\BookIT\includes\functions.php on line 5
[20-Mar-2026 22:33:27 Asia/Manila] PHP Stack trace:
[20-Mar-2026 22:33:27 Asia/Manila] PHP   1. {main}() C:\wamp64\www\BookIT\includes\api\get_user_details.php:0
[20-Mar-2026 22:33:27 Asia/Manila] PHP   2. include_once() C:\wamp64\www\BookIT\includes\api\get_user_details.php:7
[20-Mar-2026 22:33:27 Asia/Manila] PHP Warning:  include_once(): Failed opening '../config/db.php' for inclusion (include_path='.;C:\php\pear') in C:\wamp64\www\BookIT\includes\functions.php on line 5
[20-Mar-2026 22:33:27 Asia/Manila] PHP Stack trace:
[20-Mar-2026 22:33:27 Asia/Manila] PHP   1. {main}() C:\wamp64\www\BookIT\includes\api\get_user_details.php:0
[20-Mar-2026 22:33:27 Asia/Manila] PHP   2. include_once() C:\wamp64\www\BookIT\includes\api\get_user_details.php:7
[20-Mar-2026 22:33:33 Asia/Manila] PHP Warning:  include_once(../config/db.php): Failed to open stream: No such file or directory in C:\wamp64\www\BookIT\includes\functions.php on line 5
[20-Mar-2026 22:33:33 Asia/Manila] PHP Stack trace:
[20-Mar-2026 22:33:33 Asia/Manila] PHP   1. {main}() C:\wamp64\www\BookIT\includes\api\get_user_details.php:0
[20-Mar-2026 22:33:33 Asia/Manila] PHP   2. include_once() C:\wamp64\www\BookIT\includes\api\get_user_details.php:7
[20-Mar-2026 22:33:33 Asia/Manila] PHP Warning:  include_once(): Failed opening '../config/db.php' for inclusion (include_path='.;C:\php\pear') in C:\wamp64\www\BookIT\includes\functions.php on line 5
[20-Mar-2026 22:33:33 Asia/Manila] PHP Stack trace:
[20-Mar-2026 22:33:33 Asia/Manila] PHP   1. {main}() C:\wamp64\www\BookIT\includes\api\get_user_details.php:0
[20-Mar-2026 22:33:33 Asia/Manila] PHP   2. include_once() C:\wamp64\www\BookIT\includes\api\get_user_details.php:7
[20-Mar-2026 22:33:56 Asia/Manila] PHP Warning:  include_once(../config/db.php): Failed to open stream: No such file or directory in C:\wamp64\www\BookIT\includes\functions.php on line 5
[20-Mar-2026 22:33:56 Asia/Manila] PHP Stack trace:
[20-Mar-2026 22:33:56 Asia/Manila] PHP   1. {main}() C:\wamp64\www\BookIT\includes\api\get_user_details.php:0
[20-Mar-2026 22:33:56 Asia/Manila] PHP   2. include_once() C:\wamp64\www\BookIT\includes\api\get_user_details.php:7
[20-Mar-2026 22:33:56 Asia/Manila] PHP Warning:  include_once(): Failed opening '../config/db.php' for inclusion (include_path='.;C:\php\pear') in C:\wamp64\www\BookIT\includes\functions.php on line 5
[20-Mar-2026 22:33:56 Asia/Manila] PHP Stack trace:
[20-Mar-2026 22:33:56 Asia/Manila] PHP   1. {main}() C:\wamp64\www\BookIT\includes\api\get_user_details.php:0
[20-Mar-2026 22:33:56 Asia/Manila] PHP   2. include_once() C:\wamp64\www\BookIT\includes\api\get_user_details.php:7
[20-Mar-2026 22:34:25 Asia/Manila] PHP Warning:  include_once(../config/db.php): Failed to open stream: No such file or directory in C:\wamp64\www\BookIT\includes\functions.php on line 5
[20-Mar-2026 22:34:25 Asia/Manila] PHP Stack trace:
[20-Mar-2026 22:34:25 Asia/Manila] PHP   1. {main}() C:\wamp64\www\BookIT\includes\api\get_user_details.php:0
[20-Mar-2026 22:34:25 Asia/Manila] PHP   2. include_once() C:\wamp64\www\BookIT\includes\api\get_user_details.php:7
[20-Mar-2026 22:34:25 Asia/Manila] PHP Warning:  include_once(): Failed opening '../config/db.php' for inclusion (include_path='.;C:\php\pear') in C:\wamp64\www\BookIT\includes\functions.php on line 5
[20-Mar-2026 22:34:25 Asia/Manila] PHP Stack trace:
[20-Mar-2026 22:34:25 Asia/Manila] PHP   1. {main}() C:\wamp64\www\BookIT\includes\api\get_user_details.php:0
[20-Mar-2026 22:34:25 Asia/Manila] PHP   2. include_once() C:\wamp64\www\BookIT\includes\api\get_user_details.php:7
[20-Mar-2026 22:40:09 Asia/Manila] PHP Fatal error:  Uncaught Error: Class "mysqli" not found in C:\wamp64\www\BookIT\config\db.php:8
Stack trace:
#0 C:\wamp64\www\BookIT\test.php(2): require()
#1 {main}
  thrown in C:\wamp64\www\BookIT\config\db.php on line 8
[20-Mar-2026 22:40:10 Asia/Manila] PHP Warning:  include_once(../config/db.php): Failed to open stream: No such file or directory in C:\wamp64\www\BookIT\includes\functions.php on line 5
[20-Mar-2026 22:40:10 Asia/Manila] PHP Stack trace:
[20-Mar-2026 22:40:10 Asia/Manila] PHP   1. {main}() C:\wamp64\www\BookIT\includes\api\get_user_details.php:0
[20-Mar-2026 22:40:10 Asia/Manila] PHP   2. include_once() C:\wamp64\www\BookIT\includes\api\get_user_details.php:7
[20-Mar-2026 22:40:10 Asia/Manila] PHP Warning:  include_once(): Failed opening '../config/db.php' for inclusion (include_path='.;C:\php\pear') in C:\wamp64\www\BookIT\includes\functions.php on line 5
[20-Mar-2026 22:40:10 Asia/Manila] PHP Stack trace:
[20-Mar-2026 22:40:10 Asia/Manila] PHP   1. {main}() C:\wamp64\www\BookIT\includes\api\get_user_details.php:0
[20-Mar-2026 22:40:10 Asia/Manila] PHP   2. include_once() C:\wamp64\www\BookIT\includes\api\get_user_details.php:7
[20-Mar-2026 22:40:21 Asia/Manila] PHP Warning:  include_once(../config/db.php): Failed to open stream: No such file or directory in C:\wamp64\www\BookIT\includes\functions.php on line 5
[20-Mar-2026 22:40:21 Asia/Manila] PHP Stack trace:
[20-Mar-2026 22:40:21 Asia/Manila] PHP   1. {main}() C:\wamp64\www\BookIT\includes\api\get_user_details.php:0
[20-Mar-2026 22:40:21 Asia/Manila] PHP   2. include_once() C:\wamp64\www\BookIT\includes\api\get_user_details.php:7
[20-Mar-2026 22:40:21 Asia/Manila] PHP Warning:  include_once(): Failed opening '../config/db.php' for inclusion (include_path='.;C:\php\pear') in C:\wamp64\www\BookIT\includes\functions.php on line 5
[20-Mar-2026 22:40:21 Asia/Manila] PHP Stack trace:
[20-Mar-2026 22:40:21 Asia/Manila] PHP   1. {main}() C:\wamp64\www\BookIT\includes\api\get_user_details.php:0
[20-Mar-2026 22:40:21 Asia/Manila] PHP   2. include_once() C:\wamp64\www\BookIT\includes\api\get_user_details.php:7
[20-Mar-2026 22:41:01 Asia/Manila] PHP Warning:  include_once(../config/db.php): Failed to open stream: No such file or directory in C:\wamp64\www\BookIT\includes\functions.php on line 5
[20-Mar-2026 22:41:01 Asia/Manila] PHP Stack trace:
[20-Mar-2026 22:41:01 Asia/Manila] PHP   1. {main}() C:\wamp64\www\BookIT\includes\api\get_user_details.php:0
[20-Mar-2026 22:41:01 Asia/Manila] PHP   2. include_once() C:\wamp64\www\BookIT\includes\api\get_user_details.php:7
[20-Mar-2026 22:41:01 Asia/Manila] PHP Warning:  include_once(): Failed opening '../config/db.php' for inclusion (include_path='.;C:\php\pear') in C:\wamp64\www\BookIT\includes\functions.php on line 5
[20-Mar-2026 22:41:01 Asia/Manila] PHP Stack trace:
[20-Mar-2026 22:41:01 Asia/Manila] PHP   1. {main}() C:\wamp64\www\BookIT\includes\api\get_user_details.php:0
[20-Mar-2026 22:41:01 Asia/Manila] PHP   2. include_once() C:\wamp64\www\BookIT\includes\api\get_user_details.php:7
[20-Mar-2026 22:41:13 Asia/Manila] PHP Warning:  include_once(../config/db.php): Failed to open stream: No such file or directory in C:\wamp64\www\BookIT\includes\functions.php on line 5
[20-Mar-2026 22:41:13 Asia/Manila] PHP Stack trace:
[20-Mar-2026 22:41:13 Asia/Manila] PHP   1. {main}() C:\wamp64\www\BookIT\includes\api\get_user_details.php:0
[20-Mar-2026 22:41:13 Asia/Manila] PHP   2. include_once() C:\wamp64\www\BookIT\includes\api\get_user_details.php:7
[20-Mar-2026 22:41:13 Asia/Manila] PHP Warning:  include_once(): Failed opening '../config/db.php' for inclusion (include_path='.;C:\php\pear') in C:\wamp64\www\BookIT\includes\functions.php on line 5
[20-Mar-2026 22:41:13 Asia/Manila] PHP Stack trace:
[20-Mar-2026 22:41:13 Asia/Manila] PHP   1. {main}() C:\wamp64\www\BookIT\includes\api\get_user_details.php:0
[20-Mar-2026 22:41:13 Asia/Manila] PHP   2. include_once() C:\wamp64\www\BookIT\includes\api\get_user_details.php:7
[20-Mar-2026 22:41:47 Asia/Manila] PHP Fatal error:  Uncaught Error: mysqli object is already closed in C:\wamp64\www\BookIT\config\db.php:209
Stack trace:
#0 C:\wamp64\www\BookIT\config\db.php(209): mysqli->close()
#1 [internal function]: close_connection()
#2 {main}
  thrown in C:\wamp64\www\BookIT\config\db.php on line 209
[20-Mar-2026 22:41:47 Asia/Manila] PHP Fatal error:  Uncaught Error: mysqli object is already closed in C:\wamp64\www\BookIT\config\db.php:209
Stack trace:
#0 C:\wamp64\www\BookIT\config\db.php(209): mysqli->close()
#1 [internal function]: close_connection()
#2 {main}
  thrown in C:\wamp64\www\BookIT\config\db.php on line 209
[20-Mar-2026 22:42:53 Asia/Manila] PHP Warning:  include_once(../config/db.php): Failed to open stream: No such file or directory in C:\wamp64\www\BookIT\includes\functions.php on line 5
[20-Mar-2026 22:42:53 Asia/Manila] PHP Stack trace:
[20-Mar-2026 22:42:53 Asia/Manila] PHP   1. {main}() C:\wamp64\www\BookIT\includes\api\get_user_details.php:0
[20-Mar-2026 22:42:53 Asia/Manila] PHP   2. include_once() C:\wamp64\www\BookIT\includes\api\get_user_details.php:7
[20-Mar-2026 22:42:53 Asia/Manila] PHP Warning:  include_once(): Failed opening '../config/db.php' for inclusion (include_path='.;C:\php\pear') in C:\wamp64\www\BookIT\includes\functions.php on line 5
[20-Mar-2026 22:42:53 Asia/Manila] PHP Stack trace:
[20-Mar-2026 22:42:53 Asia/Manila] PHP   1. {main}() C:\wamp64\www\BookIT\includes\api\get_user_details.php:0
[20-Mar-2026 22:42:53 Asia/Manila] PHP   2. include_once() C:\wamp64\www\BookIT\includes\api\get_user_details.php:7
[20-Mar-2026 22:43:03 Asia/Manila] PHP Warning:  include_once(../config/db.php): Failed to open stream: No such file or directory in C:\wamp64\www\BookIT\includes\functions.php on line 5
[20-Mar-2026 22:43:03 Asia/Manila] PHP Stack trace:
[20-Mar-2026 22:43:03 Asia/Manila] PHP   1. {main}() C:\wamp64\www\BookIT\includes\api\get_user_details.php:0
[20-Mar-2026 22:43:03 Asia/Manila] PHP   2. include_once() C:\wamp64\www\BookIT\includes\api\get_user_details.php:7
[20-Mar-2026 22:43:03 Asia/Manila] PHP Warning:  include_once(): Failed opening '../config/db.php' for inclusion (include_path='.;C:\php\pear') in C:\wamp64\www\BookIT\includes\functions.php on line 5
[20-Mar-2026 22:43:03 Asia/Manila] PHP Stack trace:
[20-Mar-2026 22:43:03 Asia/Manila] PHP   1. {main}() C:\wamp64\www\BookIT\includes\api\get_user_details.php:0
[20-Mar-2026 22:43:03 Asia/Manila] PHP   2. include_once() C:\wamp64\www\BookIT\includes\api\get_user_details.php:7
[20-Mar-2026 22:46:15 Asia/Manila] PHP Warning:  include_once(../config/db.php): Failed to open stream: No such file or directory in C:\wamp64\www\BookIT\includes\functions.php on line 5
[20-Mar-2026 22:46:15 Asia/Manila] PHP Stack trace:
[20-Mar-2026 22:46:15 Asia/Manila] PHP   1. {main}() C:\wamp64\www\BookIT\includes\api\get_user_details.php:0
[20-Mar-2026 22:46:15 Asia/Manila] PHP   2. include_once() C:\wamp64\www\BookIT\includes\api\get_user_details.php:7
[20-Mar-2026 22:46:15 Asia/Manila] PHP Warning:  include_once(): Failed opening '../config/db.php' for inclusion (include_path='.;C:\php\pear') in C:\wamp64\www\BookIT\includes\functions.php on line 5
[20-Mar-2026 22:46:15 Asia/Manila] PHP Stack trace:
[20-Mar-2026 22:46:15 Asia/Manila] PHP   1. {main}() C:\wamp64\www\BookIT\includes\api\get_user_details.php:0
[20-Mar-2026 22:46:15 Asia/Manila] PHP   2. include_once() C:\wamp64\www\BookIT\includes\api\get_user_details.php:7
[20-Mar-2026 22:46:25 Asia/Manila] PHP Warning:  include_once(../config/db.php): Failed to open stream: No such file or directory in C:\wamp64\www\BookIT\includes\functions.php on line 5
[20-Mar-2026 22:46:25 Asia/Manila] PHP Stack trace:
[20-Mar-2026 22:46:25 Asia/Manila] PHP   1. {main}() C:\wamp64\www\BookIT\includes\api\get_user_details.php:0
[20-Mar-2026 22:46:25 Asia/Manila] PHP   2. include_once() C:\wamp64\www\BookIT\includes\api\get_user_details.php:7
[20-Mar-2026 22:46:25 Asia/Manila] PHP Warning:  include_once(): Failed opening '../config/db.php' for inclusion (include_path='.;C:\php\pear') in C:\wamp64\www\BookIT\includes\functions.php on line 5
[20-Mar-2026 22:46:25 Asia/Manila] PHP Stack trace:
[20-Mar-2026 22:46:25 Asia/Manila] PHP   1. {main}() C:\wamp64\www\BookIT\includes\api\get_user_details.php:0
[20-Mar-2026 22:46:25 Asia/Manila] PHP   2. include_once() C:\wamp64\www\BookIT\includes\api\get_user_details.php:7
[20-Mar-2026 22:46:32 Asia/Manila] PHP Warning:  include_once(../config/db.php): Failed to open stream: No such file or directory in C:\wamp64\www\BookIT\includes\functions.php on line 5
[20-Mar-2026 22:46:32 Asia/Manila] PHP Stack trace:
[20-Mar-2026 22:46:32 Asia/Manila] PHP   1. {main}() C:\wamp64\www\BookIT\includes\api\get_user_details.php:0
[20-Mar-2026 22:46:32 Asia/Manila] PHP   2. include_once() C:\wamp64\www\BookIT\includes\api\get_user_details.php:7
[20-Mar-2026 22:46:32 Asia/Manila] PHP Warning:  include_once(): Failed opening '../config/db.php' for inclusion (include_path='.;C:\php\pear') in C:\wamp64\www\BookIT\includes\functions.php on line 5
[20-Mar-2026 22:46:32 Asia/Manila] PHP Stack trace:
[20-Mar-2026 22:46:32 Asia/Manila] PHP   1. {main}() C:\wamp64\www\BookIT\includes\api\get_user_details.php:0
[20-Mar-2026 22:46:32 Asia/Manila] PHP   2. include_once() C:\wamp64\www\BookIT\includes\api\get_user_details.php:7
[20-Mar-2026 22:46:39 Asia/Manila] PHP Warning:  include_once(../config/db.php): Failed to open stream: No such file or directory in C:\wamp64\www\BookIT\includes\functions.php on line 5
[20-Mar-2026 22:46:39 Asia/Manila] PHP Stack trace:
[20-Mar-2026 22:46:39 Asia/Manila] PHP   1. {main}() C:\wamp64\www\BookIT\includes\api\get_user_details.php:0
[20-Mar-2026 22:46:39 Asia/Manila] PHP   2. include_once() C:\wamp64\www\BookIT\includes\api\get_user_details.php:7
[20-Mar-2026 22:46:39 Asia/Manila] PHP Warning:  include_once(): Failed opening '../config/db.php' for inclusion (include_path='.;C:\php\pear') in C:\wamp64\www\BookIT\includes\functions.php on line 5
[20-Mar-2026 22:46:39 Asia/Manila] PHP Stack trace:
[20-Mar-2026 22:46:39 Asia/Manila] PHP   1. {main}() C:\wamp64\www\BookIT\includes\api\get_user_details.php:0
[20-Mar-2026 22:46:39 Asia/Manila] PHP   2. include_once() C:\wamp64\www\BookIT\includes\api\get_user_details.php:7
[20-Mar-2026 22:49:38 Asia/Manila] PHP Warning:  include_once(../config/db.php): Failed to open stream: No such file or directory in C:\wamp64\www\BookIT\includes\functions.php on line 5
[20-Mar-2026 22:49:38 Asia/Manila] PHP Stack trace:
[20-Mar-2026 22:49:38 Asia/Manila] PHP   1. {main}() C:\wamp64\www\BookIT\includes\api\get_user_details.php:0
[20-Mar-2026 22:49:38 Asia/Manila] PHP   2. include_once() C:\wamp64\www\BookIT\includes\api\get_user_details.php:7
[20-Mar-2026 22:49:38 Asia/Manila] PHP Warning:  include_once(): Failed opening '../config/db.php' for inclusion (include_path='.;C:\php\pear') in C:\wamp64\www\BookIT\includes\functions.php on line 5
[20-Mar-2026 22:49:38 Asia/Manila] PHP Stack trace:
[20-Mar-2026 22:49:38 Asia/Manila] PHP   1. {main}() C:\wamp64\www\BookIT\includes\api\get_user_details.php:0
[20-Mar-2026 22:49:38 Asia/Manila] PHP   2. include_once() C:\wamp64\www\BookIT\includes\api\get_user_details.php:7
[20-Mar-2026 22:56:02 Asia/Manila] PHP Warning:  include_once(../config/db.php): Failed to open stream: No such file or directory in C:\wamp64\www\BookIT\includes\functions.php on line 5
[20-Mar-2026 22:56:02 Asia/Manila] PHP Stack trace:
[20-Mar-2026 22:56:03 Asia/Manila] PHP   1. {main}() C:\wamp64\www\BookIT\includes\api\get_user_details.php:0
[20-Mar-2026 22:56:03 Asia/Manila] PHP   2. include_once() C:\wamp64\www\BookIT\includes\api\get_user_details.php:7
[20-Mar-2026 22:56:03 Asia/Manila] PHP Warning:  include_once(): Failed opening '../config/db.php' for inclusion (include_path='.;C:\php\pear') in C:\wamp64\www\BookIT\includes\functions.php on line 5
[20-Mar-2026 22:56:03 Asia/Manila] PHP Stack trace:
[20-Mar-2026 22:56:03 Asia/Manila] PHP   1. {main}() C:\wamp64\www\BookIT\includes\api\get_user_details.php:0
[20-Mar-2026 22:56:03 Asia/Manila] PHP   2. include_once() C:\wamp64\www\BookIT\includes\api\get_user_details.php:7
[20-Mar-2026 22:56:10 Asia/Manila] PHP Warning:  include_once(../config/db.php): Failed to open stream: No such file or directory in C:\wamp64\www\BookIT\includes\functions.php on line 5
[20-Mar-2026 22:56:10 Asia/Manila] PHP Stack trace:
[20-Mar-2026 22:56:10 Asia/Manila] PHP   1. {main}() C:\wamp64\www\BookIT\includes\api\get_user_details.php:0
[20-Mar-2026 22:56:10 Asia/Manila] PHP   2. include_once() C:\wamp64\www\BookIT\includes\api\get_user_details.php:7
[20-Mar-2026 22:56:10 Asia/Manila] PHP Warning:  include_once(): Failed opening '../config/db.php' for inclusion (include_path='.;C:\php\pear') in C:\wamp64\www\BookIT\includes\functions.php on line 5
[20-Mar-2026 22:56:10 Asia/Manila] PHP Stack trace:
[20-Mar-2026 22:56:10 Asia/Manila] PHP   1. {main}() C:\wamp64\www\BookIT\includes\api\get_user_details.php:0
[20-Mar-2026 22:56:10 Asia/Manila] PHP   2. include_once() C:\wamp64\www\BookIT\includes\api\get_user_details.php:7
[20-Mar-2026 22:56:23 Asia/Manila] PHP Warning:  include_once(../config/db.php): Failed to open stream: No such file or directory in C:\wamp64\www\BookIT\includes\functions.php on line 5
[20-Mar-2026 22:56:23 Asia/Manila] PHP Stack trace:
[20-Mar-2026 22:56:23 Asia/Manila] PHP   1. {main}() C:\wamp64\www\BookIT\includes\api\get_user_details.php:0
[20-Mar-2026 22:56:23 Asia/Manila] PHP   2. include_once() C:\wamp64\www\BookIT\includes\api\get_user_details.php:7
[20-Mar-2026 22:56:23 Asia/Manila] PHP Warning:  include_once(): Failed opening '../config/db.php' for inclusion (include_path='.;C:\php\pear') in C:\wamp64\www\BookIT\includes\functions.php on line 5
[20-Mar-2026 22:56:23 Asia/Manila] PHP Stack trace:
[20-Mar-2026 22:56:23 Asia/Manila] PHP   1. {main}() C:\wamp64\www\BookIT\includes\api\get_user_details.php:0
[20-Mar-2026 22:56:23 Asia/Manila] PHP   2. include_once() C:\wamp64\www\BookIT\includes\api\get_user_details.php:7
[20-Mar-2026 23:59:21 Asia/Manila] PHP Warning:  include_once(../config/db.php): Failed to open stream: No such file or directory in C:\wamp64\www\BookIT\includes\functions.php on line 5
[20-Mar-2026 23:59:21 Asia/Manila] PHP Stack trace:
[20-Mar-2026 23:59:21 Asia/Manila] PHP   1. {main}() C:\wamp64\www\BookIT\includes\api\get_user_details.php:0
[20-Mar-2026 23:59:21 Asia/Manila] PHP   2. include_once() C:\wamp64\www\BookIT\includes\api\get_user_details.php:7
[20-Mar-2026 23:59:21 Asia/Manila] PHP Warning:  include_once(): Failed opening '../config/db.php' for inclusion (include_path='.;C:\php\pear') in C:\wamp64\www\BookIT\includes\functions.php on line 5
[20-Mar-2026 23:59:21 Asia/Manila] PHP Stack trace:
[20-Mar-2026 23:59:21 Asia/Manila] PHP   1. {main}() C:\wamp64\www\BookIT\includes\api\get_user_details.php:0
[20-Mar-2026 23:59:21 Asia/Manila] PHP   2. include_once() C:\wamp64\www\BookIT\includes\api\get_user_details.php:7
[21-Mar-2026 00:48:18 Asia/Manila] PHP Fatal error:  Uncaught Error: Class "mysqli" not found in C:\wamp64\www\BookIT\config\db.php:8
Stack trace:
#0 C:\wamp64\www\BookIT\approve_tmp.php(2): require()
#1 {main}
  thrown in C:\wamp64\www\BookIT\config\db.php on line 8
[21-Mar-2026 01:29:25 Asia/Manila] PHP Fatal error:  Uncaught mysqli_sql_exception: Unknown column 'b.location' in 'field list' in C:\wamp64\www\BookIT\config\db.php:25
Stack trace:
#0 C:\wamp64\www\BookIT\config\db.php(25): mysqli->prepare('\r\n    SELECT u....')
#1 C:\wamp64\www\BookIT\admin\get_unit_details.php(16): get_single_result('\r\n    SELECT u....', Array)
#2 {main}
  thrown in C:\wamp64\www\BookIT\config\db.php on line 25
[21-Mar-2026 01:59:42 Asia/Manila] PHP Fatal error:  Uncaught mysqli_sql_exception: Duplicate column name 'sqm' in C:\wamp64\www\BookIT\update_db.php:13
Stack trace:
#0 C:\wamp64\www\BookIT\update_db.php(13): mysqli->query('ALTER TABLE uni...')
#1 {main}
  thrown in C:\wamp64\www\BookIT\update_db.php on line 13
[21-Mar-2026 02:34:52 Asia/Manila] PHP Fatal error:  Uncaught mysqli_sql_exception: Unknown column 'b.location' in 'field list' in C:\wamp64\www\BookIT\config\db.php:25
Stack trace:
#0 C:\wamp64\www\BookIT\config\db.php(25): mysqli->prepare('\r\n    SELECT u....')
#1 C:\wamp64\www\BookIT\admin\get_unit_details.php(16): get_single_result('\r\n    SELECT u....', Array)
#2 {main}
  thrown in C:\wamp64\www\BookIT\config\db.php on line 25
[21-Mar-2026 02:37:15 Asia/Manila] PHP Fatal error:  Uncaught mysqli_sql_exception: Unknown column 'rating' in 'field list' in C:\wamp64\www\BookIT\config\db.php:25
Stack trace:
#0 C:\wamp64\www\BookIT\config\db.php(25): mysqli->prepare('\r\n    SELECT \r\n...')
#1 C:\wamp64\www\BookIT\admin\get_unit_details.php(29): get_single_result('\r\n    SELECT \r\n...', Array)
#2 {main}
  thrown in C:\wamp64\www\BookIT\config\db.php on line 25
[21-Mar-2026 02:40:38 Asia/Manila] PHP Fatal error:  Uncaught mysqli_sql_exception: Unknown column 'u.user_name' in 'field list' in C:\wamp64\www\BookIT\config\db.php:85
Stack trace:
#0 C:\wamp64\www\BookIT\config\db.php(85): mysqli->prepare('\r\n    SELECT r....')
#1 C:\wamp64\www\BookIT\admin\get_unit_details.php(44): get_multiple_results('\r\n    SELECT r....', Array)
#2 {main}
  thrown in C:\wamp64\www\BookIT\config\db.php on line 85
[21-Mar-2026 02:40:46 Asia/Manila] PHP Fatal error:  Uncaught mysqli_sql_exception: Unknown column 'u.user_name' in 'field list' in C:\wamp64\www\BookIT\config\db.php:85
Stack trace:
#0 C:\wamp64\www\BookIT\config\db.php(85): mysqli->prepare('\r\n    SELECT r....')
#1 C:\wamp64\www\BookIT\admin\get_unit_details.php(44): get_multiple_results('\r\n    SELECT r....', Array)
#2 {main}
  thrown in C:\wamp64\www\BookIT\config\db.php on line 85
[21-Mar-2026 02:41:28 Asia/Manila] PHP Fatal error:  Uncaught mysqli_sql_exception: Unknown column 'u.user_name' in 'field list' in C:\wamp64\www\BookIT\config\db.php:85
Stack trace:
#0 C:\wamp64\www\BookIT\config\db.php(85): mysqli->prepare('\r\n    SELECT r....')
#1 C:\wamp64\www\BookIT\admin\get_unit_details.php(44): get_multiple_results('\r\n    SELECT r....', Array)
#2 {main}
  thrown in C:\wamp64\www\BookIT\config\db.php on line 85
[21-Mar-2026 02:44:35 Asia/Manila] PHP Warning:  Undefined array key "price" in C:\wamp64\www\BookIT\admin\get_unit_details.php on line 90
[21-Mar-2026 02:44:35 Asia/Manila] PHP Stack trace:
[21-Mar-2026 02:44:35 Asia/Manila] PHP   1. {main}() C:\wamp64\www\BookIT\admin\get_unit_details.php:0
[21-Mar-2026 02:44:35 Asia/Manila] PHP Deprecated:  number_format(): Passing null to parameter #1 ($num) of type float is deprecated in C:\wamp64\www\BookIT\admin\get_unit_details.php on line 90
[21-Mar-2026 02:44:35 Asia/Manila] PHP Stack trace:
[21-Mar-2026 02:44:35 Asia/Manila] PHP   1. {main}() C:\wamp64\www\BookIT\admin\get_unit_details.php:0
[21-Mar-2026 02:44:35 Asia/Manila] PHP   2. number_format($num = NULL, $decimals = 2) C:\wamp64\www\BookIT\admin\get_unit_details.php:90
[22-Mar-2026 11:07:02 Asia/Manila] === addBranch() called ===
[22-Mar-2026 11:07:02 Asia/Manila]   branch_name: BookIT Caloocan
[22-Mar-2026 11:07:02 Asia/Manila]   address: 199 Gen Malvar Ext, Bagong Barrio West, Caloocan, Metro Manila
[22-Mar-2026 11:07:02 Asia/Manila]   city: caloocan
[22-Mar-2026 11:07:02 Asia/Manila]   contact_number: 123456789
[22-Mar-2026 11:07:02 Asia/Manila]   email: jackiepascual@bookit.com
[22-Mar-2026 11:07:02 Asia/Manila]   host_id: NULL
[22-Mar-2026 11:07:02 Asia/Manila]   SQL: INSERT INTO branches (branch_name, address, city, contact_number, email, host_id, is_active) 
                VALUES (?, ?, ?, ?, ?, ?, 1)
[22-Mar-2026 11:07:02 Asia/Manila]   Params count: 6
[22-Mar-2026 11:07:02 Asia/Manila]   Params: ["BookIT Caloocan","199 Gen Malvar Ext, Bagong Barrio West, Caloocan, Metro Manila","caloocan","123456789","jackiepascual@bookit.com",null]
[22-Mar-2026 11:07:02 Asia/Manila]   execute_query() returned: TRUE
[22-Mar-2026 11:07:02 Asia/Manila]   SUCCESS: Branch added!
[22-Mar-2026 11:07:45 Asia/Manila] PHP Warning:  include_once(../config/db.php): Failed to open stream: No such file or directory in C:\wamp64\www\BookIT\includes\functions.php on line 5
[22-Mar-2026 11:07:45 Asia/Manila] PHP Stack trace:
[22-Mar-2026 11:07:45 Asia/Manila] PHP   1. {main}() C:\wamp64\www\BookIT\includes\api\get_user_details.php:0
[22-Mar-2026 11:07:45 Asia/Manila] PHP   2. include_once() C:\wamp64\www\BookIT\includes\api\get_user_details.php:7
[22-Mar-2026 11:07:45 Asia/Manila] PHP Warning:  include_once(): Failed opening '../config/db.php' for inclusion (include_path='.;C:\php\pear') in C:\wamp64\www\BookIT\includes\functions.php on line 5
[22-Mar-2026 11:07:45 Asia/Manila] PHP Stack trace:
[22-Mar-2026 11:07:45 Asia/Manila] PHP   1. {main}() C:\wamp64\www\BookIT\includes\api\get_user_details.php:0
[22-Mar-2026 11:07:45 Asia/Manila] PHP   2. include_once() C:\wamp64\www\BookIT\includes\api\get_user_details.php:7
[22-Mar-2026 11:08:21 Asia/Manila] PHP Warning:  include_once(../config/db.php): Failed to open stream: No such file or directory in C:\wamp64\www\BookIT\includes\functions.php on line 5
[22-Mar-2026 11:08:21 Asia/Manila] PHP Stack trace:
[22-Mar-2026 11:08:21 Asia/Manila] PHP   1. {main}() C:\wamp64\www\BookIT\includes\api\get_user_details.php:0
[22-Mar-2026 11:08:21 Asia/Manila] PHP   2. include_once() C:\wamp64\www\BookIT\includes\api\get_user_details.php:7
[22-Mar-2026 11:08:21 Asia/Manila] PHP Warning:  include_once(): Failed opening '../config/db.php' for inclusion (include_path='.;C:\php\pear') in C:\wamp64\www\BookIT\includes\functions.php on line 5
[22-Mar-2026 11:08:21 Asia/Manila] PHP Stack trace:
[22-Mar-2026 11:08:21 Asia/Manila] PHP   1. {main}() C:\wamp64\www\BookIT\includes\api\get_user_details.php:0
[22-Mar-2026 11:08:21 Asia/Manila] PHP   2. include_once() C:\wamp64\www\BookIT\includes\api\get_user_details.php:7
[22-Mar-2026 11:32:05 Asia/Manila] PHP Fatal error:  Uncaught Error: Class "mysqli" not found in C:\wamp64\www\BookIT\config\db.php:8
Stack trace:
#0 C:\wamp64\www\BookIT\check_schema.php(2): include()
#1 {main}
  thrown in C:\wamp64\www\BookIT\config\db.php on line 8
[22-Mar-2026 11:35:25 Asia/Manila] PHP Fatal error:  Uncaught Error: Class "mysqli" not found in C:\wamp64\www\BookIT\config\db.php:8
Stack trace:
#0 C:\wamp64\www\BookIT\test_columns.php(3): include()
#1 {main}
  thrown in C:\wamp64\www\BookIT\config\db.php on line 8
[22-Mar-2026 11:40:03 Asia/Manila] PHP Fatal error:  Uncaught mysqli_sql_exception: Unknown column 'street_address' in 'field list' in C:\wamp64\www\BookIT\host\unit_management.php:80
Stack trace:
#0 C:\wamp64\www\BookIT\host\unit_management.php(80): mysqli->prepare('INSERT INTO uni...')
#1 {main}
  thrown in C:\wamp64\www\BookIT\host\unit_management.php on line 80
[22-Mar-2026 11:41:06 Asia/Manila] PHP Fatal error:  Uncaught Error: mysqli object is already closed in C:\wamp64\www\BookIT\config\db.php:209
Stack trace:
#0 C:\wamp64\www\BookIT\config\db.php(209): mysqli->close()
#1 [internal function]: close_connection()
#2 {main}
  thrown in C:\wamp64\www\BookIT\config\db.php on line 209
[22-Mar-2026 11:41:06 Asia/Manila] PHP Fatal error:  Uncaught Error: mysqli object is already closed in C:\wamp64\www\BookIT\config\db.php:209
Stack trace:
#0 C:\wamp64\www\BookIT\config\db.php(209): mysqli->close()
#1 [internal function]: close_connection()
#2 {main}
  thrown in C:\wamp64\www\BookIT\config\db.php on line 209
[22-Mar-2026 11:42:01 Asia/Manila] PHP Fatal error:  Uncaught mysqli_sql_exception: Column 'unit_number' cannot be null in C:\wamp64\www\BookIT\host\unit_management.php:84
Stack trace:
#0 C:\wamp64\www\BookIT\host\unit_management.php(84): mysqli_stmt->execute()
#1 {main}
  thrown in C:\wamp64\www\BookIT\host\unit_management.php on line 84
[22-Mar-2026 11:45:15 Asia/Manila] PHP Warning:  include_once(../config/db.php): Failed to open stream: No such file or directory in C:\wamp64\www\BookIT\includes\functions.php on line 5
[22-Mar-2026 11:45:15 Asia/Manila] PHP Stack trace:
[22-Mar-2026 11:45:15 Asia/Manila] PHP   1. {main}() C:\wamp64\www\BookIT\includes\api\get_user_details.php:0
[22-Mar-2026 11:45:15 Asia/Manila] PHP   2. include_once() C:\wamp64\www\BookIT\includes\api\get_user_details.php:7
[22-Mar-2026 11:45:15 Asia/Manila] PHP Warning:  include_once(): Failed opening '../config/db.php' for inclusion (include_path='.;C:\php\pear') in C:\wamp64\www\BookIT\includes\functions.php on line 5
[22-Mar-2026 11:45:15 Asia/Manila] PHP Stack trace:
[22-Mar-2026 11:45:15 Asia/Manila] PHP   1. {main}() C:\wamp64\www\BookIT\includes\api\get_user_details.php:0
[22-Mar-2026 11:45:15 Asia/Manila] PHP   2. include_once() C:\wamp64\www\BookIT\includes\api\get_user_details.php:7
[22-Mar-2026 11:45:37 Asia/Manila] PHP Warning:  include_once(../config/db.php): Failed to open stream: No such file or directory in C:\wamp64\www\BookIT\includes\functions.php on line 5
[22-Mar-2026 11:45:37 Asia/Manila] PHP Stack trace:
[22-Mar-2026 11:45:37 Asia/Manila] PHP   1. {main}() C:\wamp64\www\BookIT\includes\api\get_user_details.php:0
[22-Mar-2026 11:45:37 Asia/Manila] PHP   2. include_once() C:\wamp64\www\BookIT\includes\api\get_user_details.php:7
[22-Mar-2026 11:45:37 Asia/Manila] PHP Warning:  include_once(): Failed opening '../config/db.php' for inclusion (include_path='.;C:\php\pear') in C:\wamp64\www\BookIT\includes\functions.php on line 5
[22-Mar-2026 11:45:37 Asia/Manila] PHP Stack trace:
[22-Mar-2026 11:45:37 Asia/Manila] PHP   1. {main}() C:\wamp64\www\BookIT\includes\api\get_user_details.php:0
[22-Mar-2026 11:45:37 Asia/Manila] PHP   2. include_once() C:\wamp64\www\BookIT\includes\api\get_user_details.php:7
[22-Mar-2026 11:45:43 Asia/Manila] PHP Warning:  include_once(../config/db.php): Failed to open stream: No such file or directory in C:\wamp64\www\BookIT\includes\functions.php on line 5
[22-Mar-2026 11:45:43 Asia/Manila] PHP Stack trace:
[22-Mar-2026 11:45:43 Asia/Manila] PHP   1. {main}() C:\wamp64\www\BookIT\includes\api\get_user_details.php:0
[22-Mar-2026 11:45:43 Asia/Manila] PHP   2. include_once() C:\wamp64\www\BookIT\includes\api\get_user_details.php:7
[22-Mar-2026 11:45:43 Asia/Manila] PHP Warning:  include_once(): Failed opening '../config/db.php' for inclusion (include_path='.;C:\php\pear') in C:\wamp64\www\BookIT\includes\functions.php on line 5
[22-Mar-2026 11:45:43 Asia/Manila] PHP Stack trace:
[22-Mar-2026 11:45:43 Asia/Manila] PHP   1. {main}() C:\wamp64\www\BookIT\includes\api\get_user_details.php:0
[22-Mar-2026 11:45:43 Asia/Manila] PHP   2. include_once() C:\wamp64\www\BookIT\includes\api\get_user_details.php:7
[22-Mar-2026 11:45:52 Asia/Manila] PHP Warning:  include_once(../config/db.php): Failed to open stream: No such file or directory in C:\wamp64\www\BookIT\includes\functions.php on line 5
[22-Mar-2026 11:45:52 Asia/Manila] PHP Stack trace:
[22-Mar-2026 11:45:52 Asia/Manila] PHP   1. {main}() C:\wamp64\www\BookIT\includes\api\get_user_details.php:0
[22-Mar-2026 11:45:52 Asia/Manila] PHP   2. include_once() C:\wamp64\www\BookIT\includes\api\get_user_details.php:7
[22-Mar-2026 11:45:52 Asia/Manila] PHP Warning:  include_once(): Failed opening '../config/db.php' for inclusion (include_path='.;C:\php\pear') in C:\wamp64\www\BookIT\includes\functions.php on line 5
[22-Mar-2026 11:45:52 Asia/Manila] PHP Stack trace:
[22-Mar-2026 11:45:52 Asia/Manila] PHP   1. {main}() C:\wamp64\www\BookIT\includes\api\get_user_details.php:0
[22-Mar-2026 11:45:52 Asia/Manila] PHP   2. include_once() C:\wamp64\www\BookIT\includes\api\get_user_details.php:7
[22-Mar-2026 11:46:21 Asia/Manila] PHP Warning:  include_once(../config/db.php): Failed to open stream: No such file or directory in C:\wamp64\www\BookIT\includes\functions.php on line 5
[22-Mar-2026 11:46:21 Asia/Manila] PHP Stack trace:
[22-Mar-2026 11:46:21 Asia/Manila] PHP   1. {main}() C:\wamp64\www\BookIT\includes\api\get_user_details.php:0
[22-Mar-2026 11:46:21 Asia/Manila] PHP   2. include_once() C:\wamp64\www\BookIT\includes\api\get_user_details.php:7
[22-Mar-2026 11:46:21 Asia/Manila] PHP Warning:  include_once(): Failed opening '../config/db.php' for inclusion (include_path='.;C:\php\pear') in C:\wamp64\www\BookIT\includes\functions.php on line 5
[22-Mar-2026 11:46:21 Asia/Manila] PHP Stack trace:
[22-Mar-2026 11:46:21 Asia/Manila] PHP   1. {main}() C:\wamp64\www\BookIT\includes\api\get_user_details.php:0
[22-Mar-2026 11:46:21 Asia/Manila] PHP   2. include_once() C:\wamp64\www\BookIT\includes\api\get_user_details.php:7
[22-Mar-2026 11:51:27 Asia/Manila] PHP Warning:  include_once(../config/db.php): Failed to open stream: No such file or directory in C:\wamp64\www\BookIT\includes\functions.php on line 5
[22-Mar-2026 11:51:27 Asia/Manila] PHP Stack trace:
[22-Mar-2026 11:51:27 Asia/Manila] PHP   1. {main}() C:\wamp64\www\BookIT\includes\api\get_user_details.php:0
[22-Mar-2026 11:51:27 Asia/Manila] PHP   2. include_once() C:\wamp64\www\BookIT\includes\api\get_user_details.php:7
[22-Mar-2026 11:51:27 Asia/Manila] PHP Warning:  include_once(): Failed opening '../config/db.php' for inclusion (include_path='.;C:\php\pear') in C:\wamp64\www\BookIT\includes\functions.php on line 5
[22-Mar-2026 11:51:27 Asia/Manila] PHP Stack trace:
[22-Mar-2026 11:51:27 Asia/Manila] PHP   1. {main}() C:\wamp64\www\BookIT\includes\api\get_user_details.php:0
[22-Mar-2026 11:51:27 Asia/Manila] PHP   2. include_once() C:\wamp64\www\BookIT\includes\api\get_user_details.php:7
[22-Mar-2026 11:56:26 Asia/Manila] PHP Warning:  include_once(../config/db.php): Failed to open stream: No such file or directory in C:\wamp64\www\BookIT\includes\functions.php on line 5
[22-Mar-2026 11:56:26 Asia/Manila] PHP Stack trace:
[22-Mar-2026 11:56:27 Asia/Manila] PHP   1. {main}() C:\wamp64\www\BookIT\includes\api\get_user_details.php:0
[22-Mar-2026 11:56:27 Asia/Manila] PHP   2. include_once() C:\wamp64\www\BookIT\includes\api\get_user_details.php:7
[22-Mar-2026 11:56:27 Asia/Manila] PHP Warning:  include_once(): Failed opening '../config/db.php' for inclusion (include_path='.;C:\php\pear') in C:\wamp64\www\BookIT\includes\functions.php on line 5
[22-Mar-2026 11:56:27 Asia/Manila] PHP Stack trace:
[22-Mar-2026 11:56:27 Asia/Manila] PHP   1. {main}() C:\wamp64\www\BookIT\includes\api\get_user_details.php:0
[22-Mar-2026 11:56:27 Asia/Manila] PHP   2. include_once() C:\wamp64\www\BookIT\includes\api\get_user_details.php:7
[22-Mar-2026 11:56:36 Asia/Manila] PHP Warning:  include_once(../config/db.php): Failed to open stream: No such file or directory in C:\wamp64\www\BookIT\includes\functions.php on line 5
[22-Mar-2026 11:56:36 Asia/Manila] PHP Stack trace:
[22-Mar-2026 11:56:36 Asia/Manila] PHP   1. {main}() C:\wamp64\www\BookIT\includes\api\get_user_details.php:0
[22-Mar-2026 11:56:36 Asia/Manila] PHP   2. include_once() C:\wamp64\www\BookIT\includes\api\get_user_details.php:7
[22-Mar-2026 11:56:36 Asia/Manila] PHP Warning:  include_once(): Failed opening '../config/db.php' for inclusion (include_path='.;C:\php\pear') in C:\wamp64\www\BookIT\includes\functions.php on line 5
[22-Mar-2026 11:56:36 Asia/Manila] PHP Stack trace:
[22-Mar-2026 11:56:36 Asia/Manila] PHP   1. {main}() C:\wamp64\www\BookIT\includes\api\get_user_details.php:0
[22-Mar-2026 11:56:36 Asia/Manila] PHP   2. include_once() C:\wamp64\www\BookIT\includes\api\get_user_details.php:7
[22-Mar-2026 12:03:15 Asia/Manila] PHP Warning:  include_once(../config/db.php): Failed to open stream: No such file or directory in C:\wamp64\www\BookIT\includes\functions.php on line 5
[22-Mar-2026 12:03:15 Asia/Manila] PHP Stack trace:
[22-Mar-2026 12:03:15 Asia/Manila] PHP   1. {main}() C:\wamp64\www\BookIT\includes\api\get_user_details.php:0
[22-Mar-2026 12:03:15 Asia/Manila] PHP   2. include_once() C:\wamp64\www\BookIT\includes\api\get_user_details.php:7
[22-Mar-2026 12:03:15 Asia/Manila] PHP Warning:  include_once(): Failed opening '../config/db.php' for inclusion (include_path='.;C:\php\pear') in C:\wamp64\www\BookIT\includes\functions.php on line 5
[22-Mar-2026 12:03:15 Asia/Manila] PHP Stack trace:
[22-Mar-2026 12:03:15 Asia/Manila] PHP   1. {main}() C:\wamp64\www\BookIT\includes\api\get_user_details.php:0
[22-Mar-2026 12:03:15 Asia/Manila] PHP   2. include_once() C:\wamp64\www\BookIT\includes\api\get_user_details.php:7
[22-Mar-2026 12:03:34 Asia/Manila] PHP Warning:  include_once(../config/db.php): Failed to open stream: No such file or directory in C:\wamp64\www\BookIT\includes\functions.php on line 5
[22-Mar-2026 12:03:34 Asia/Manila] PHP Stack trace:
[22-Mar-2026 12:03:34 Asia/Manila] PHP   1. {main}() C:\wamp64\www\BookIT\includes\api\get_user_details.php:0
[22-Mar-2026 12:03:34 Asia/Manila] PHP   2. include_once() C:\wamp64\www\BookIT\includes\api\get_user_details.php:7
[22-Mar-2026 12:03:34 Asia/Manila] PHP Warning:  include_once(): Failed opening '../config/db.php' for inclusion (include_path='.;C:\php\pear') in C:\wamp64\www\BookIT\includes\functions.php on line 5
[22-Mar-2026 12:03:34 Asia/Manila] PHP Stack trace:
[22-Mar-2026 12:03:34 Asia/Manila] PHP   1. {main}() C:\wamp64\www\BookIT\includes\api\get_user_details.php:0
[22-Mar-2026 12:03:34 Asia/Manila] PHP   2. include_once() C:\wamp64\www\BookIT\includes\api\get_user_details.php:7
[22-Mar-2026 12:04:37 Asia/Manila] PHP Warning:  include_once(../config/db.php): Failed to open stream: No such file or directory in C:\wamp64\www\BookIT\includes\functions.php on line 5
[22-Mar-2026 12:04:37 Asia/Manila] PHP Stack trace:
[22-Mar-2026 12:04:37 Asia/Manila] PHP   1. {main}() C:\wamp64\www\BookIT\includes\api\get_user_details.php:0
[22-Mar-2026 12:04:37 Asia/Manila] PHP   2. include_once() C:\wamp64\www\BookIT\includes\api\get_user_details.php:7
[22-Mar-2026 12:04:37 Asia/Manila] PHP Warning:  include_once(): Failed opening '../config/db.php' for inclusion (include_path='.;C:\php\pear') in C:\wamp64\www\BookIT\includes\functions.php on line 5
[22-Mar-2026 12:04:37 Asia/Manila] PHP Stack trace:
[22-Mar-2026 12:04:37 Asia/Manila] PHP   1. {main}() C:\wamp64\www\BookIT\includes\api\get_user_details.php:0
[22-Mar-2026 12:04:37 Asia/Manila] PHP   2. include_once() C:\wamp64\www\BookIT\includes\api\get_user_details.php:7
[22-Mar-2026 12:04:43 Asia/Manila] PHP Warning:  include_once(../config/db.php): Failed to open stream: No such file or directory in C:\wamp64\www\BookIT\includes\functions.php on line 5
[22-Mar-2026 12:04:43 Asia/Manila] PHP Stack trace:
[22-Mar-2026 12:04:43 Asia/Manila] PHP   1. {main}() C:\wamp64\www\BookIT\includes\api\get_user_details.php:0
[22-Mar-2026 12:04:43 Asia/Manila] PHP   2. include_once() C:\wamp64\www\BookIT\includes\api\get_user_details.php:7
[22-Mar-2026 12:04:43 Asia/Manila] PHP Warning:  include_once(): Failed opening '../config/db.php' for inclusion (include_path='.;C:\php\pear') in C:\wamp64\www\BookIT\includes\functions.php on line 5
[22-Mar-2026 12:04:43 Asia/Manila] PHP Stack trace:
[22-Mar-2026 12:04:43 Asia/Manila] PHP   1. {main}() C:\wamp64\www\BookIT\includes\api\get_user_details.php:0
[22-Mar-2026 12:04:43 Asia/Manila] PHP   2. include_once() C:\wamp64\www\BookIT\includes\api\get_user_details.php:7
[22-Mar-2026 12:17:28 Asia/Manila] PHP Warning:  include_once(../config/db.php): Failed to open stream: No such file or directory in C:\wamp64\www\BookIT\includes\functions.php on line 5
[22-Mar-2026 12:17:28 Asia/Manila] PHP Stack trace:
[22-Mar-2026 12:17:28 Asia/Manila] PHP   1. {main}() C:\wamp64\www\BookIT\includes\api\get_user_details.php:0
[22-Mar-2026 12:17:28 Asia/Manila] PHP   2. include_once() C:\wamp64\www\BookIT\includes\api\get_user_details.php:7
[22-Mar-2026 12:17:28 Asia/Manila] PHP Warning:  include_once(): Failed opening '../config/db.php' for inclusion (include_path='.;C:\php\pear') in C:\wamp64\www\BookIT\includes\functions.php on line 5
[22-Mar-2026 12:17:28 Asia/Manila] PHP Stack trace:
[22-Mar-2026 12:17:28 Asia/Manila] PHP   1. {main}() C:\wamp64\www\BookIT\includes\api\get_user_details.php:0
[22-Mar-2026 12:17:28 Asia/Manila] PHP   2. include_once() C:\wamp64\www\BookIT\includes\api\get_user_details.php:7
[22-Mar-2026 12:17:34 Asia/Manila] PHP Warning:  include_once(../config/db.php): Failed to open stream: No such file or directory in C:\wamp64\www\BookIT\includes\functions.php on line 5
[22-Mar-2026 12:17:34 Asia/Manila] PHP Stack trace:
[22-Mar-2026 12:17:34 Asia/Manila] PHP   1. {main}() C:\wamp64\www\BookIT\includes\api\get_user_details.php:0
[22-Mar-2026 12:17:34 Asia/Manila] PHP   2. include_once() C:\wamp64\www\BookIT\includes\api\get_user_details.php:7
[22-Mar-2026 12:17:34 Asia/Manila] PHP Warning:  include_once(): Failed opening '../config/db.php' for inclusion (include_path='.;C:\php\pear') in C:\wamp64\www\BookIT\includes\functions.php on line 5
[22-Mar-2026 12:17:34 Asia/Manila] PHP Stack trace:
[22-Mar-2026 12:17:34 Asia/Manila] PHP   1. {main}() C:\wamp64\www\BookIT\includes\api\get_user_details.php:0
[22-Mar-2026 12:17:34 Asia/Manila] PHP   2. include_once() C:\wamp64\www\BookIT\includes\api\get_user_details.php:7
[22-Mar-2026 14:05:24 Asia/Manila] === addBranch() called ===
[22-Mar-2026 14:05:24 Asia/Manila]   branch_name: BookIT manila
[22-Mar-2026 14:05:25 Asia/Manila]   address: n/A
[22-Mar-2026 14:05:25 Asia/Manila]   city: manila
[22-Mar-2026 14:05:25 Asia/Manila]   contact_number: 
[22-Mar-2026 14:05:25 Asia/Manila]   email: 
[22-Mar-2026 14:05:25 Asia/Manila]   host_id: NULL
[22-Mar-2026 14:05:25 Asia/Manila]   SQL: INSERT INTO branches (branch_name, address, city, contact_number, email, host_id, is_active) 
                VALUES (?, ?, ?, ?, ?, ?, 1)
[22-Mar-2026 14:05:25 Asia/Manila]   Params count: 6
[22-Mar-2026 14:05:25 Asia/Manila]   Params: ["BookIT manila","n\/A","manila","","",null]
[22-Mar-2026 14:05:25 Asia/Manila]   execute_query() returned: TRUE
[22-Mar-2026 14:05:25 Asia/Manila]   SUCCESS: Branch added!
